label,topic_id,topic_coherence
K10_alphasymmetric_betasymmetric,0,0.417710619100628
K10_alphasymmetric_betasymmetric,1,0.3374263203198625
K10_alphasymmetric_betasymmetric,2,0.6280185130236253
K10_alphasymmetric_betasymmetric,3,0.5328376464524074
K10_alphasymmetric_betasymmetric,4,0.3597009975657199
K10_alphasymmetric_betasymmetric,5,0.3730784663376644
K10_alphasymmetric_betasymmetric,6,0.31918062289364796
K10_alphasymmetric_betasymmetric,7,0.46393390557488107
K10_alphasymmetric_betasymmetric,8,0.3922004913224778
K10_alphasymmetric_betasymmetric,9,0.6014017648972647
K10_alphasymmetric_beta0.01,0,0.417710619100628
K10_alphasymmetric_beta0.01,1,0.3374263203198625
K10_alphasymmetric_beta0.01,2,0.6280185130236254
K10_alphasymmetric_beta0.01,3,0.5328376464524075
K10_alphasymmetric_beta0.01,4,0.3597009975657199
K10_alphasymmetric_beta0.01,5,0.3730784663376644
K10_alphasymmetric_beta0.01,6,0.32907734289374196
K10_alphasymmetric_beta0.01,7,0.46393390557488107
K10_alphasymmetric_beta0.01,8,0.3922004913224778
K10_alphasymmetric_beta0.01,9,0.6014017648972647
K10_alphasymmetric_beta0.1,0,0.417710619100628
K10_alphasymmetric_beta0.1,1,0.3374263203198625
K10_alphasymmetric_beta0.1,2,0.6280185130236253
K10_alphasymmetric_beta0.1,3,0.5328376464524074
K10_alphasymmetric_beta0.1,4,0.3597009975657199
K10_alphasymmetric_beta0.1,5,0.3730784663376644
K10_alphasymmetric_beta0.1,6,0.31918062289364796
K10_alphasymmetric_beta0.1,7,0.46393390557488107
K10_alphasymmetric_beta0.1,8,0.3922004913224778
K10_alphasymmetric_beta0.1,9,0.6014017648972647
K10_alphasymmetric_beta0.5,0,0.41771061910062796
K10_alphasymmetric_beta0.5,1,0.3563984786096101
K10_alphasymmetric_beta0.5,2,0.6280185130236253
K10_alphasymmetric_beta0.5,3,0.5328376464524075
K10_alphasymmetric_beta0.5,4,0.3596777847642954
K10_alphasymmetric_beta0.5,5,0.3730784663376644
K10_alphasymmetric_beta0.5,6,0.3150293541497616
K10_alphasymmetric_beta0.5,7,0.4639339055748811
K10_alphasymmetric_beta0.5,8,0.3922004913224778
K10_alphasymmetric_beta0.5,9,0.642094290300393
K10_alphaasymmetric_betasymmetric,0,0.417710619100628
K10_alphaasymmetric_betasymmetric,1,0.3374263203198625
K10_alphaasymmetric_betasymmetric,2,0.6280185130236254
K10_alphaasymmetric_betasymmetric,3,0.5325317605711314
K10_alphaasymmetric_betasymmetric,4,0.3597009975657199
K10_alphaasymmetric_betasymmetric,5,0.3730784663376644
K10_alphaasymmetric_betasymmetric,6,0.31918062289364796
K10_alphaasymmetric_betasymmetric,7,0.46393390557488107
K10_alphaasymmetric_betasymmetric,8,0.3922004913224779
K10_alphaasymmetric_betasymmetric,9,0.6014017648972646
K10_alphaasymmetric_beta0.01,0,0.417710619100628
K10_alphaasymmetric_beta0.01,1,0.3374263203198625
K10_alphaasymmetric_beta0.01,2,0.6280185130236254
K10_alphaasymmetric_beta0.01,3,0.5328376464524076
K10_alphaasymmetric_beta0.01,4,0.3597009975657199
K10_alphaasymmetric_beta0.01,5,0.37307846633766434
K10_alphaasymmetric_beta0.01,6,0.3170923574473008
K10_alphaasymmetric_beta0.01,7,0.46393390557488107
K10_alphaasymmetric_beta0.01,8,0.3922004913224779
K10_alphaasymmetric_beta0.01,9,0.6014017648972647
K10_alphaasymmetric_beta0.1,0,0.417710619100628
K10_alphaasymmetric_beta0.1,1,0.3374263203198625
K10_alphaasymmetric_beta0.1,2,0.6280185130236254
K10_alphaasymmetric_beta0.1,3,0.5325317605711314
K10_alphaasymmetric_beta0.1,4,0.3597009975657199
K10_alphaasymmetric_beta0.1,5,0.3730784663376644
K10_alphaasymmetric_beta0.1,6,0.31918062289364796
K10_alphaasymmetric_beta0.1,7,0.46393390557488107
K10_alphaasymmetric_beta0.1,8,0.3922004913224779
K10_alphaasymmetric_beta0.1,9,0.6014017648972646
K10_alphaasymmetric_beta0.5,0,0.41771061910062796
K10_alphaasymmetric_beta0.5,1,0.3563984786096101
K10_alphaasymmetric_beta0.5,2,0.6280185130236253
K10_alphaasymmetric_beta0.5,3,0.5120258066568601
K10_alphaasymmetric_beta0.5,4,0.3596777847642954
K10_alphaasymmetric_beta0.5,5,0.3730784663376644
K10_alphaasymmetric_beta0.5,6,0.3236415232534965
K10_alphaasymmetric_beta0.5,7,0.46393390557488107
K10_alphaasymmetric_beta0.5,8,0.3922004913224778
K10_alphaasymmetric_beta0.5,9,0.642094290300393
K10_alpha0.01_betasymmetric,0,0.417710619100628
K10_alpha0.01_betasymmetric,1,0.3374263203198625
K10_alpha0.01_betasymmetric,2,0.6280185130236253
K10_alpha0.01_betasymmetric,3,0.5328376464524074
K10_alpha0.01_betasymmetric,4,0.3597009975657199
K10_alpha0.01_betasymmetric,5,0.3730784663376644
K10_alpha0.01_betasymmetric,6,0.31918062289364796
K10_alpha0.01_betasymmetric,7,0.46393390557488107
K10_alpha0.01_betasymmetric,8,0.3922004913224778
K10_alpha0.01_betasymmetric,9,0.6014017648972647
K10_alpha0.01_beta0.01,0,0.417710619100628
K10_alpha0.01_beta0.01,1,0.3374263203198625
K10_alpha0.01_beta0.01,2,0.6280185130236254
K10_alpha0.01_beta0.01,3,0.5328376464524076
K10_alpha0.01_beta0.01,4,0.3597009975657199
K10_alpha0.01_beta0.01,5,0.3730784663376644
K10_alpha0.01_beta0.01,6,0.32907734289374196
K10_alpha0.01_beta0.01,7,0.46393390557488107
K10_alpha0.01_beta0.01,8,0.3922004913224778
K10_alpha0.01_beta0.01,9,0.6014017648972647
K10_alpha0.01_beta0.1,0,0.417710619100628
K10_alpha0.01_beta0.1,1,0.3374263203198625
K10_alpha0.01_beta0.1,2,0.6280185130236253
K10_alpha0.01_beta0.1,3,0.5328376464524074
K10_alpha0.01_beta0.1,4,0.3597009975657199
K10_alpha0.01_beta0.1,5,0.3730784663376644
K10_alpha0.01_beta0.1,6,0.31918062289364796
K10_alpha0.01_beta0.1,7,0.46393390557488107
K10_alpha0.01_beta0.1,8,0.3922004913224778
K10_alpha0.01_beta0.1,9,0.6014017648972647
K10_alpha0.01_beta0.5,0,0.41771061910062796
K10_alpha0.01_beta0.5,1,0.3563984786096101
K10_alpha0.01_beta0.5,2,0.6280185130236253
K10_alpha0.01_beta0.5,3,0.5328376464524075
K10_alpha0.01_beta0.5,4,0.3596777847642954
K10_alpha0.01_beta0.5,5,0.3730784663376644
K10_alpha0.01_beta0.5,6,0.31502935414976163
K10_alpha0.01_beta0.5,7,0.4639339055748811
K10_alpha0.01_beta0.5,8,0.3922004913224778
K10_alpha0.01_beta0.5,9,0.642094290300393
K10_alpha0.1_betasymmetric,0,0.417710619100628
K10_alpha0.1_betasymmetric,1,0.3374263203198625
K10_alpha0.1_betasymmetric,2,0.6280185130236253
K10_alpha0.1_betasymmetric,3,0.5328376464524074
K10_alpha0.1_betasymmetric,4,0.3597009975657199
K10_alpha0.1_betasymmetric,5,0.3730784663376644
K10_alpha0.1_betasymmetric,6,0.31918062289364796
K10_alpha0.1_betasymmetric,7,0.46393390557488107
K10_alpha0.1_betasymmetric,8,0.3922004913224778
K10_alpha0.1_betasymmetric,9,0.6014017648972647
K10_alpha0.1_beta0.01,0,0.417710619100628
K10_alpha0.1_beta0.01,1,0.3374263203198625
K10_alpha0.1_beta0.01,2,0.6280185130236254
K10_alpha0.1_beta0.01,3,0.5328376464524075
K10_alpha0.1_beta0.01,4,0.3597009975657199
K10_alpha0.1_beta0.01,5,0.3730784663376644
K10_alpha0.1_beta0.01,6,0.32907734289374196
K10_alpha0.1_beta0.01,7,0.46393390557488107
K10_alpha0.1_beta0.01,8,0.3922004913224778
K10_alpha0.1_beta0.01,9,0.6014017648972647
K10_alpha0.1_beta0.1,0,0.417710619100628
K10_alpha0.1_beta0.1,1,0.3374263203198625
K10_alpha0.1_beta0.1,2,0.6280185130236253
K10_alpha0.1_beta0.1,3,0.5328376464524074
K10_alpha0.1_beta0.1,4,0.3597009975657199
K10_alpha0.1_beta0.1,5,0.3730784663376644
K10_alpha0.1_beta0.1,6,0.31918062289364796
K10_alpha0.1_beta0.1,7,0.46393390557488107
K10_alpha0.1_beta0.1,8,0.3922004913224778
K10_alpha0.1_beta0.1,9,0.6014017648972647
K10_alpha0.1_beta0.5,0,0.41771061910062796
K10_alpha0.1_beta0.5,1,0.3563984786096101
K10_alpha0.1_beta0.5,2,0.6280185130236253
K10_alpha0.1_beta0.5,3,0.5328376464524075
K10_alpha0.1_beta0.5,4,0.3596777847642954
K10_alpha0.1_beta0.5,5,0.3730784663376644
K10_alpha0.1_beta0.5,6,0.3150293541497616
K10_alpha0.1_beta0.5,7,0.4639339055748811
K10_alpha0.1_beta0.5,8,0.3922004913224778
K10_alpha0.1_beta0.5,9,0.642094290300393
K10_alpha0.5_betasymmetric,0,0.417710619100628
K10_alpha0.5_betasymmetric,1,0.3374263203198625
K10_alpha0.5_betasymmetric,2,0.6280185130236253
K10_alpha0.5_betasymmetric,3,0.5328376464524075
K10_alpha0.5_betasymmetric,4,0.3597009975657199
K10_alpha0.5_betasymmetric,5,0.3730784663376644
K10_alpha0.5_betasymmetric,6,0.33550588229816164
K10_alpha0.5_betasymmetric,7,0.4639339055748811
K10_alpha0.5_betasymmetric,8,0.3922004913224778
K10_alpha0.5_betasymmetric,9,0.6014017648972647
K10_alpha0.5_beta0.01,0,0.417710619100628
K10_alpha0.5_beta0.01,1,0.3374263203198625
K10_alpha0.5_beta0.01,2,0.6280185130236253
K10_alpha0.5_beta0.01,3,0.5328376464524075
K10_alpha0.5_beta0.01,4,0.3682269324012475
K10_alpha0.5_beta0.01,5,0.37307846633766434
K10_alpha0.5_beta0.01,6,0.32907734289374196
K10_alpha0.5_beta0.01,7,0.4639339055748811
K10_alpha0.5_beta0.01,8,0.3922004913224778
K10_alpha0.5_beta0.01,9,0.6014017648972648
K10_alpha0.5_beta0.1,0,0.417710619100628
K10_alpha0.5_beta0.1,1,0.3374263203198625
K10_alpha0.5_beta0.1,2,0.6280185130236253
K10_alpha0.5_beta0.1,3,0.5328376464524075
K10_alpha0.5_beta0.1,4,0.3597009975657199
K10_alpha0.5_beta0.1,5,0.3730784663376644
K10_alpha0.5_beta0.1,6,0.33550588229816164
K10_alpha0.5_beta0.1,7,0.4639339055748811
K10_alpha0.5_beta0.1,8,0.3922004913224778
K10_alpha0.5_beta0.1,9,0.6014017648972647
K10_alpha0.5_beta0.5,0,0.417710619100628
K10_alpha0.5_beta0.5,1,0.3437909468622923
K10_alpha0.5_beta0.5,2,0.6280185130236253
K10_alpha0.5_beta0.5,3,0.5328376464524074
K10_alpha0.5_beta0.5,4,0.3596777847642954
K10_alpha0.5_beta0.5,5,0.3730784663376644
K10_alpha0.5_beta0.5,6,0.3150293541497616
K10_alpha0.5_beta0.5,7,0.46173391589717483
K10_alpha0.5_beta0.5,8,0.39220049132247775
K10_alpha0.5_beta0.5,9,0.6304979230832204
K20_alphasymmetric_betasymmetric,0,0.4670452400312942
K20_alphasymmetric_betasymmetric,1,0.47417461868578803
K20_alphasymmetric_betasymmetric,2,0.5814958446711022
K20_alphasymmetric_betasymmetric,3,0.46740357285173806
K20_alphasymmetric_betasymmetric,4,0.4301904478531321
K20_alphasymmetric_betasymmetric,5,0.5161354156509066
K20_alphasymmetric_betasymmetric,6,0.42407479899573824
K20_alphasymmetric_betasymmetric,7,0.48216326795555925
K20_alphasymmetric_betasymmetric,8,0.38212361559537694
K20_alphasymmetric_betasymmetric,9,0.6363047591698233
K20_alphasymmetric_betasymmetric,10,0.3812119366522361
K20_alphasymmetric_betasymmetric,11,0.366979265738841
K20_alphasymmetric_betasymmetric,12,0.44675391273153114
K20_alphasymmetric_betasymmetric,13,0.3940451283191186
K20_alphasymmetric_betasymmetric,14,0.44611136540871515
K20_alphasymmetric_betasymmetric,15,0.4636067275137603
K20_alphasymmetric_betasymmetric,16,0.36711876002838456
K20_alphasymmetric_betasymmetric,17,0.46843232971287596
K20_alphasymmetric_betasymmetric,18,0.6040519923311941
K20_alphasymmetric_betasymmetric,19,0.3510254049540137
K20_alphasymmetric_beta0.01,0,0.4670452400312943
K20_alphasymmetric_beta0.01,1,0.4310360873674327
K20_alphasymmetric_beta0.01,2,0.5884095116492211
K20_alphasymmetric_beta0.01,3,0.46740357285173795
K20_alphasymmetric_beta0.01,4,0.3800055417884808
K20_alphasymmetric_beta0.01,5,0.527622922113526
K20_alphasymmetric_beta0.01,6,0.42853459056667226
K20_alphasymmetric_beta0.01,7,0.5491297162602349
K20_alphasymmetric_beta0.01,8,0.5415551515038693
K20_alphasymmetric_beta0.01,9,0.6219608398847918
K20_alphasymmetric_beta0.01,10,0.3812119366522361
K20_alphasymmetric_beta0.01,11,0.3669792657388409
K20_alphasymmetric_beta0.01,12,0.47030357457863614
K20_alphasymmetric_beta0.01,13,0.39404512831911853
K20_alphasymmetric_beta0.01,14,0.45048727847136316
K20_alphasymmetric_beta0.01,15,0.4636067275137604
K20_alphasymmetric_beta0.01,16,0.36711876002838456
K20_alphasymmetric_beta0.01,17,0.42368437387163616
K20_alphasymmetric_beta0.01,18,0.6162755217744293
K20_alphasymmetric_beta0.01,19,0.35102540495401363
K20_alphasymmetric_beta0.1,0,0.4670452400312942
K20_alphasymmetric_beta0.1,1,0.3950789219019285
K20_alphasymmetric_beta0.1,2,0.5814958446711022
K20_alphasymmetric_beta0.1,3,0.449802073642869
K20_alphasymmetric_beta0.1,4,0.4629459843027261
K20_alphasymmetric_beta0.1,5,0.527469149621093
K20_alphasymmetric_beta0.1,6,0.4359121998557228
K20_alphasymmetric_beta0.1,7,0.4847707082216789
K20_alphasymmetric_beta0.1,8,0.3529581870595641
K20_alphasymmetric_beta0.1,9,0.6515287966663416
K20_alphasymmetric_beta0.1,10,0.40318551768166644
K20_alphasymmetric_beta0.1,11,0.41138389021418575
K20_alphasymmetric_beta0.1,12,0.44675391273153126
K20_alphasymmetric_beta0.1,13,0.39404512831911864
K20_alphasymmetric_beta0.1,14,0.4258654531213121
K20_alphasymmetric_beta0.1,15,0.48880833089420106
K20_alphasymmetric_beta0.1,16,0.35870964860432436
K20_alphasymmetric_beta0.1,17,0.48489773878776854
K20_alphasymmetric_beta0.1,18,0.6162755217744295
K20_alphasymmetric_beta0.1,19,0.3510254049540137
K20_alphasymmetric_beta0.5,0,0.4673388244164274
K20_alphasymmetric_beta0.5,1,0.28828052043182045
K20_alphasymmetric_beta0.5,2,0.5158493738834302
K20_alphasymmetric_beta0.5,3,0.5202918437563204
K20_alphasymmetric_beta0.5,4,0.6648934931200694
K20_alphasymmetric_beta0.5,5,0.41380155600224916
K20_alphasymmetric_beta0.5,6,0.4415180268883792
K20_alphasymmetric_beta0.5,7,0.4714469300299872
K20_alphasymmetric_beta0.5,8,0.41575243826952446
K20_alphasymmetric_beta0.5,9,0.6221739518517622
K20_alphasymmetric_beta0.5,10,0.5355651067829855
K20_alphasymmetric_beta0.5,11,0.43556421287938757
K20_alphasymmetric_beta0.5,12,0.4045894587002352
K20_alphasymmetric_beta0.5,13,0.37765108346925313
K20_alphasymmetric_beta0.5,14,0.4528418055982847
K20_alphasymmetric_beta0.5,15,0.45205675040660004
K20_alphasymmetric_beta0.5,16,0.3290000884769629
K20_alphasymmetric_beta0.5,17,0.4447714309736052
K20_alphasymmetric_beta0.5,18,0.5857350858327101
K20_alphasymmetric_beta0.5,19,0.31217352151058575
K20_alphaasymmetric_betasymmetric,0,0.4670452400312942
K20_alphaasymmetric_betasymmetric,1,0.47417461868578814
K20_alphaasymmetric_betasymmetric,2,0.5814958446711022
K20_alphaasymmetric_betasymmetric,3,0.4674035728517379
K20_alphaasymmetric_betasymmetric,4,0.43101636976553515
K20_alphaasymmetric_betasymmetric,5,0.5161354156509066
K20_alphaasymmetric_betasymmetric,6,0.4182144868014491
K20_alphaasymmetric_betasymmetric,7,0.48477070822167895
K20_alphaasymmetric_betasymmetric,8,0.3942754738200807
K20_alphaasymmetric_betasymmetric,9,0.6287235871412349
K20_alphaasymmetric_betasymmetric,10,0.40318551768166644
K20_alphaasymmetric_betasymmetric,11,0.36697926573884093
K20_alphaasymmetric_betasymmetric,12,0.44675391273153126
K20_alphaasymmetric_betasymmetric,13,0.39404512831911853
K20_alphaasymmetric_betasymmetric,14,0.44611136540871527
K20_alphaasymmetric_betasymmetric,15,0.4636067275137603
K20_alphaasymmetric_betasymmetric,16,0.36711876002838456
K20_alphaasymmetric_betasymmetric,17,0.46843232971287596
K20_alphaasymmetric_betasymmetric,18,0.6040519923311942
K20_alphaasymmetric_betasymmetric,19,0.3510254049540137
K20_alphaasymmetric_beta0.01,0,0.4670452400312942
K20_alphaasymmetric_beta0.01,1,0.3444711253393932
K20_alphaasymmetric_beta0.01,2,0.5884095116492211
K20_alphaasymmetric_beta0.01,3,0.46740357285173795
K20_alphaasymmetric_beta0.01,4,0.3724517033984226
K20_alphaasymmetric_beta0.01,5,0.5276229221135261
K20_alphaasymmetric_beta0.01,6,0.436677977718895
K20_alphaasymmetric_beta0.01,7,0.5801304973449782
K20_alphaasymmetric_beta0.01,8,0.5415551515038695
K20_alphaasymmetric_beta0.01,9,0.6287235871412349
K20_alphaasymmetric_beta0.01,10,0.3812119366522361
K20_alphaasymmetric_beta0.01,11,0.366979265738841
K20_alphaasymmetric_beta0.01,12,0.47030357457863614
K20_alphaasymmetric_beta0.01,13,0.42733816307830497
K20_alphaasymmetric_beta0.01,14,0.45048727847136305
K20_alphaasymmetric_beta0.01,15,0.4636067275137603
K20_alphaasymmetric_beta0.01,16,0.36711876002838456
K20_alphaasymmetric_beta0.01,17,0.44206284667905826
K20_alphaasymmetric_beta0.01,18,0.6162755217744293
K20_alphaasymmetric_beta0.01,19,0.35102540495401363
K20_alphaasymmetric_beta0.1,0,0.4670452400312942
K20_alphaasymmetric_beta0.1,1,0.3950789219019285
K20_alphaasymmetric_beta0.1,2,0.5814958446711022
K20_alphaasymmetric_beta0.1,3,0.46740357285173795
K20_alphaasymmetric_beta0.1,4,0.4629459843027261
K20_alphaasymmetric_beta0.1,5,0.527469149621093
K20_alphaasymmetric_beta0.1,6,0.4240006140803012
K20_alphaasymmetric_beta0.1,7,0.48477070822167895
K20_alphaasymmetric_beta0.1,8,0.3529581870595641
K20_alphaasymmetric_beta0.1,9,0.6515287966663417
K20_alphaasymmetric_beta0.1,10,0.40318551768166644
K20_alphaasymmetric_beta0.1,11,0.41138389021418575
K20_alphaasymmetric_beta0.1,12,0.44675391273153114
K20_alphaasymmetric_beta0.1,13,0.39404512831911864
K20_alphaasymmetric_beta0.1,14,0.43482575241625465
K20_alphaasymmetric_beta0.1,15,0.48880833089420106
K20_alphaasymmetric_beta0.1,16,0.3587096486043243
K20_alphaasymmetric_beta0.1,17,0.48489773878776854
K20_alphaasymmetric_beta0.1,18,0.6162755217744293
K20_alphaasymmetric_beta0.1,19,0.3510254049540137
K20_alphaasymmetric_beta0.5,0,0.47833241735547993
K20_alphaasymmetric_beta0.5,1,0.43126658020812697
K20_alphaasymmetric_beta0.5,2,0.5745319902296111
K20_alphaasymmetric_beta0.5,3,0.5202918437563204
K20_alphaasymmetric_beta0.5,4,0.6660084555641539
K20_alphaasymmetric_beta0.5,5,0.4138015560022491
K20_alphaasymmetric_beta0.5,6,0.4415180268883792
K20_alphaasymmetric_beta0.5,7,0.4714469300299872
K20_alphaasymmetric_beta0.5,8,0.41575243826952446
K20_alphaasymmetric_beta0.5,9,0.66482470357825
K20_alphaasymmetric_beta0.5,10,0.5209227499748341
K20_alphaasymmetric_beta0.5,11,0.4895657864659538
K20_alphaasymmetric_beta0.5,12,0.4045894587002352
K20_alphaasymmetric_beta0.5,13,0.3776510834692531
K20_alphaasymmetric_beta0.5,14,0.4783775502710732
K20_alphaasymmetric_beta0.5,15,0.4598594481213965
K20_alphaasymmetric_beta0.5,16,0.34378072495263495
K20_alphaasymmetric_beta0.5,17,0.44477143097360516
K20_alphaasymmetric_beta0.5,18,0.5857350858327101
K20_alphaasymmetric_beta0.5,19,0.3121735215105858
K20_alpha0.01_betasymmetric,0,0.4670452400312942
K20_alpha0.01_betasymmetric,1,0.47417461868578803
K20_alpha0.01_betasymmetric,2,0.5814958446711022
K20_alpha0.01_betasymmetric,3,0.46740357285173806
K20_alpha0.01_betasymmetric,4,0.44045044633827357
K20_alpha0.01_betasymmetric,5,0.5161354156509066
K20_alpha0.01_betasymmetric,6,0.42407479899573824
K20_alpha0.01_betasymmetric,7,0.48216326795555925
K20_alpha0.01_betasymmetric,8,0.382123615595377
K20_alpha0.01_betasymmetric,9,0.6363047591698233
K20_alpha0.01_betasymmetric,10,0.3812119366522361
K20_alpha0.01_betasymmetric,11,0.36697926573884093
K20_alpha0.01_betasymmetric,12,0.44675391273153114
K20_alpha0.01_betasymmetric,13,0.3940451283191186
K20_alpha0.01_betasymmetric,14,0.44611136540871515
K20_alpha0.01_betasymmetric,15,0.4636067275137604
K20_alpha0.01_betasymmetric,16,0.36711876002838456
K20_alpha0.01_betasymmetric,17,0.46843232971287596
K20_alpha0.01_betasymmetric,18,0.6040519923311942
K20_alpha0.01_betasymmetric,19,0.3510254049540137
K20_alpha0.01_beta0.01,0,0.4670452400312943
K20_alpha0.01_beta0.01,1,0.4310360873674326
K20_alpha0.01_beta0.01,2,0.5884095116492211
K20_alpha0.01_beta0.01,3,0.46740357285173795
K20_alpha0.01_beta0.01,4,0.3800055417884808
K20_alpha0.01_beta0.01,5,0.527622922113526
K20_alpha0.01_beta0.01,6,0.42853459056667226
K20_alpha0.01_beta0.01,7,0.5491297162602349
K20_alpha0.01_beta0.01,8,0.5415551515038693
K20_alpha0.01_beta0.01,9,0.6219608398847918
K20_alpha0.01_beta0.01,10,0.3812119366522361
K20_alpha0.01_beta0.01,11,0.3669792657388409
K20_alpha0.01_beta0.01,12,0.47030357457863614
K20_alpha0.01_beta0.01,13,0.39404512831911853
K20_alpha0.01_beta0.01,14,0.45048727847136316
K20_alpha0.01_beta0.01,15,0.4636067275137604
K20_alpha0.01_beta0.01,16,0.36711876002838456
K20_alpha0.01_beta0.01,17,0.42368437387163616
K20_alpha0.01_beta0.01,18,0.6162755217744293
K20_alpha0.01_beta0.01,19,0.35102540495401363
K20_alpha0.01_beta0.1,0,0.4670452400312942
K20_alpha0.01_beta0.1,1,0.3950789219019285
K20_alpha0.01_beta0.1,2,0.5814958446711022
K20_alpha0.01_beta0.1,3,0.449802073642869
K20_alpha0.01_beta0.1,4,0.4934463476106704
K20_alpha0.01_beta0.1,5,0.520353697544865
K20_alpha0.01_beta0.1,6,0.4359121998557228
K20_alpha0.01_beta0.1,7,0.4847707082216789
K20_alpha0.01_beta0.1,8,0.3529581870595641
K20_alpha0.01_beta0.1,9,0.6515287966663416
K20_alpha0.01_beta0.1,10,0.40318551768166644
K20_alpha0.01_beta0.1,11,0.37541278289182756
K20_alpha0.01_beta0.1,12,0.44675391273153126
K20_alpha0.01_beta0.1,13,0.39404512831911864
K20_alpha0.01_beta0.1,14,0.4258654531213121
K20_alpha0.01_beta0.1,15,0.48880833089420095
K20_alpha0.01_beta0.1,16,0.35870964860432436
K20_alpha0.01_beta0.1,17,0.48489773878776854
K20_alpha0.01_beta0.1,18,0.6162755217744293
K20_alpha0.01_beta0.1,19,0.3510254049540137
K20_alpha0.01_beta0.5,0,0.4673388244164274
K20_alpha0.01_beta0.5,1,0.28828052043182045
K20_alpha0.01_beta0.5,2,0.5158493738834303
K20_alpha0.01_beta0.5,3,0.5202918437563204
K20_alpha0.01_beta0.5,4,0.6648934931200694
K20_alpha0.01_beta0.5,5,0.41380155600224916
K20_alpha0.01_beta0.5,6,0.4415180268883791
K20_alpha0.01_beta0.5,7,0.4714469300299872
K20_alpha0.01_beta0.5,8,0.41575243826952446
K20_alpha0.01_beta0.5,9,0.6221739518517622
K20_alpha0.01_beta0.5,10,0.5209227499748342
K20_alpha0.01_beta0.5,11,0.43556421287938757
K20_alpha0.01_beta0.5,12,0.4045894587002352
K20_alpha0.01_beta0.5,13,0.37765108346925313
K20_alpha0.01_beta0.5,14,0.4528418055982847
K20_alpha0.01_beta0.5,15,0.45205675040660004
K20_alpha0.01_beta0.5,16,0.3290000884769629
K20_alpha0.01_beta0.5,17,0.4447714309736052
K20_alpha0.01_beta0.5,18,0.5857350858327101
K20_alpha0.01_beta0.5,19,0.31217352151058575
K20_alpha0.1_betasymmetric,0,0.4670452400312942
K20_alpha0.1_betasymmetric,1,0.47417461868578803
K20_alpha0.1_betasymmetric,2,0.5814958446711022
K20_alpha0.1_betasymmetric,3,0.4674035728517379
K20_alpha0.1_betasymmetric,4,0.4301904478531321
K20_alpha0.1_betasymmetric,5,0.5161354156509066
K20_alpha0.1_betasymmetric,6,0.4327512975661999
K20_alpha0.1_betasymmetric,7,0.48216326795555925
K20_alpha0.1_betasymmetric,8,0.3821236155953769
K20_alpha0.1_betasymmetric,9,0.6363047591698232
K20_alpha0.1_betasymmetric,10,0.3812119366522361
K20_alpha0.1_betasymmetric,11,0.3669792657388409
K20_alpha0.1_betasymmetric,12,0.44675391273153114
K20_alpha0.1_betasymmetric,13,0.3940451283191186
K20_alpha0.1_betasymmetric,14,0.44611136540871527
K20_alpha0.1_betasymmetric,15,0.4636067275137603
K20_alpha0.1_betasymmetric,16,0.36711876002838456
K20_alpha0.1_betasymmetric,17,0.46843232971287596
K20_alpha0.1_betasymmetric,18,0.6040519923311942
K20_alpha0.1_betasymmetric,19,0.3510254049540137
K20_alpha0.1_beta0.01,0,0.4670452400312943
K20_alpha0.1_beta0.01,1,0.4310360873674326
K20_alpha0.1_beta0.01,2,0.5884095116492211
K20_alpha0.1_beta0.01,3,0.46740357285173795
K20_alpha0.1_beta0.01,4,0.3800055417884808
K20_alpha0.1_beta0.01,5,0.527622922113526
K20_alpha0.1_beta0.01,6,0.42853459056667226
K20_alpha0.1_beta0.01,7,0.5491297162602349
K20_alpha0.1_beta0.01,8,0.5415551515038693
K20_alpha0.1_beta0.01,9,0.6219608398847918
K20_alpha0.1_beta0.01,10,0.3812119366522361
K20_alpha0.1_beta0.01,11,0.3669792657388409
K20_alpha0.1_beta0.01,12,0.47030357457863614
K20_alpha0.1_beta0.01,13,0.39404512831911853
K20_alpha0.1_beta0.01,14,0.45048727847136316
K20_alpha0.1_beta0.01,15,0.4636067275137604
K20_alpha0.1_beta0.01,16,0.36711876002838456
K20_alpha0.1_beta0.01,17,0.42368437387163616
K20_alpha0.1_beta0.01,18,0.6162755217744293
K20_alpha0.1_beta0.01,19,0.35102540495401363
K20_alpha0.1_beta0.1,0,0.4670452400312942
K20_alpha0.1_beta0.1,1,0.439575643313128
K20_alpha0.1_beta0.1,2,0.5814958446711022
K20_alpha0.1_beta0.1,3,0.4569159686085712
K20_alpha0.1_beta0.1,4,0.4629459843027261
K20_alpha0.1_beta0.1,5,0.5274691496210933
K20_alpha0.1_beta0.1,6,0.4359121998557228
K20_alpha0.1_beta0.1,7,0.4847707082216789
K20_alpha0.1_beta0.1,8,0.35295818705956405
K20_alpha0.1_beta0.1,9,0.6515287966663416
K20_alpha0.1_beta0.1,10,0.40318551768166644
K20_alpha0.1_beta0.1,11,0.41138389021418575
K20_alpha0.1_beta0.1,12,0.44675391273153126
K20_alpha0.1_beta0.1,13,0.39404512831911864
K20_alpha0.1_beta0.1,14,0.4124871083546343
K20_alpha0.1_beta0.1,15,0.47989895990812803
K20_alpha0.1_beta0.1,16,0.3587096486043243
K20_alpha0.1_beta0.1,17,0.48489773878776854
K20_alpha0.1_beta0.1,18,0.6162755217744295
K20_alpha0.1_beta0.1,19,0.3510254049540137
K20_alpha0.1_beta0.5,0,0.4673388244164274
K20_alpha0.1_beta0.5,1,0.28828052043182045
K20_alpha0.1_beta0.5,2,0.5158493738834303
K20_alpha0.1_beta0.5,3,0.5202918437563204
K20_alpha0.1_beta0.5,4,0.6660084555641539
K20_alpha0.1_beta0.5,5,0.4138015560022491
K20_alpha0.1_beta0.5,6,0.4415180268883792
K20_alpha0.1_beta0.5,7,0.4714469300299872
K20_alpha0.1_beta0.5,8,0.41575243826952446
K20_alpha0.1_beta0.5,9,0.6221739518517622
K20_alpha0.1_beta0.5,10,0.49274951972002434
K20_alpha0.1_beta0.5,11,0.43556421287938757
K20_alpha0.1_beta0.5,12,0.4045894587002352
K20_alpha0.1_beta0.5,13,0.37765108346925313
K20_alpha0.1_beta0.5,14,0.45284180559828463
K20_alpha0.1_beta0.5,15,0.45205675040660004
K20_alpha0.1_beta0.5,16,0.3290000884769629
K20_alpha0.1_beta0.5,17,0.4447714309736052
K20_alpha0.1_beta0.5,18,0.5857350858327101
K20_alpha0.1_beta0.5,19,0.31217352151058575
K20_alpha0.5_betasymmetric,0,0.4670452400312942
K20_alpha0.5_betasymmetric,1,0.46159997571023015
K20_alpha0.5_betasymmetric,2,0.581495844671102
K20_alpha0.5_betasymmetric,3,0.48785789238968247
K20_alpha0.5_betasymmetric,4,0.4403374189391176
K20_alpha0.5_betasymmetric,5,0.5161354156509066
K20_alpha0.5_betasymmetric,6,0.4327512975661999
K20_alpha0.5_betasymmetric,7,0.48216326795555914
K20_alpha0.5_betasymmetric,8,0.4099054554414148
K20_alpha0.5_betasymmetric,9,0.6287235871412349
K20_alpha0.5_betasymmetric,10,0.3812119366522361
K20_alpha0.5_betasymmetric,11,0.3840614139238362
K20_alpha0.5_betasymmetric,12,0.44675391273153114
K20_alpha0.5_betasymmetric,13,0.39404512831911853
K20_alpha0.5_betasymmetric,14,0.4124871083546341
K20_alpha0.5_betasymmetric,15,0.4636067275137604
K20_alpha0.5_betasymmetric,16,0.36711876002838456
K20_alpha0.5_betasymmetric,17,0.4680992927685891
K20_alpha0.5_betasymmetric,18,0.6040519923311942
K20_alpha0.5_betasymmetric,19,0.3510254049540137
K20_alpha0.5_beta0.01,0,0.47336015819105653
K20_alpha0.5_beta0.01,1,0.45133676944207474
K20_alpha0.5_beta0.01,2,0.588409511649221
K20_alpha0.5_beta0.01,3,0.48785789238968247
K20_alpha0.5_beta0.01,4,0.406240340803188
K20_alpha0.5_beta0.01,5,0.5161354156509066
K20_alpha0.5_beta0.01,6,0.436677977718895
K20_alpha0.5_beta0.01,7,0.5801304973449782
K20_alpha0.5_beta0.01,8,0.5415551515038693
K20_alpha0.5_beta0.01,9,0.6287235871412349
K20_alpha0.5_beta0.01,10,0.3812119366522361
K20_alpha0.5_beta0.01,11,0.3602507032895652
K20_alpha0.5_beta0.01,12,0.4384419649586773
K20_alpha0.5_beta0.01,13,0.39404512831911853
K20_alpha0.5_beta0.01,14,0.4275537975252047
K20_alpha0.5_beta0.01,15,0.4636067275137604
K20_alpha0.5_beta0.01,16,0.36711876002838456
K20_alpha0.5_beta0.01,17,0.43612760942869955
K20_alpha0.5_beta0.01,18,0.6175340808183284
K20_alpha0.5_beta0.01,19,0.3510254049540137
K20_alpha0.5_beta0.1,0,0.4670452400312942
K20_alpha0.5_beta0.1,1,0.439575643313128
K20_alpha0.5_beta0.1,2,0.5884095116492212
K20_alpha0.5_beta0.1,3,0.4569159686085712
K20_alpha0.5_beta0.1,4,0.4520951686391215
K20_alpha0.5_beta0.1,5,0.5259039065769961
K20_alpha0.5_beta0.1,6,0.4359121998557229
K20_alpha0.5_beta0.1,7,0.48477070822167895
K20_alpha0.5_beta0.1,8,0.3322624162853878
K20_alpha0.5_beta0.1,9,0.6515287966663417
K20_alpha0.5_beta0.1,10,0.40318551768166655
K20_alpha0.5_beta0.1,11,0.3945916760557531
K20_alpha0.5_beta0.1,12,0.44675391273153126
K20_alpha0.5_beta0.1,13,0.39404512831911864
K20_alpha0.5_beta0.1,14,0.35513724821699744
K20_alpha0.5_beta0.1,15,0.47989895990812803
K20_alpha0.5_beta0.1,16,0.3587096486043243
K20_alpha0.5_beta0.1,17,0.48278255922594304
K20_alpha0.5_beta0.1,18,0.623965552839813
K20_alpha0.5_beta0.1,19,0.3510254049540137
K20_alpha0.5_beta0.5,0,0.4673388244164274
K20_alpha0.5_beta0.5,1,0.3457543030010528
K20_alpha0.5_beta0.5,2,0.5062966668223223
K20_alpha0.5_beta0.5,3,0.5202918437563204
K20_alpha0.5_beta0.5,4,0.577140210576641
K20_alpha0.5_beta0.5,5,0.3491568424249182
K20_alpha0.5_beta0.5,6,0.42219341033691765
K20_alpha0.5_beta0.5,7,0.4699856680777252
K20_alpha0.5_beta0.5,8,0.41575243826952446
K20_alpha0.5_beta0.5,9,0.66482470357825
K20_alpha0.5_beta0.5,10,0.5148844296112948
K20_alpha0.5_beta0.5,11,0.47645407948635177
K20_alpha0.5_beta0.5,12,0.43191363895778434
K20_alpha0.5_beta0.5,13,0.3776510834692531
K20_alpha0.5_beta0.5,14,0.3857275995384343
K20_alpha0.5_beta0.5,15,0.4598594481213964
K20_alpha0.5_beta0.5,16,0.343780724952635
K20_alpha0.5_beta0.5,17,0.39284741938931195
K20_alpha0.5_beta0.5,18,0.6040519923311943
K20_alpha0.5_beta0.5,19,0.3164358040019241
K30_alphasymmetric_betasymmetric,0,0.4546092318032738
K30_alphasymmetric_betasymmetric,1,0.4107684286366302
K30_alphasymmetric_betasymmetric,2,0.4479944255898564
K30_alphasymmetric_betasymmetric,3,0.4152976810283534
K30_alphasymmetric_betasymmetric,4,0.5292508685032258
K30_alphasymmetric_betasymmetric,5,0.557164218567783
K30_alphasymmetric_betasymmetric,6,0.5279193486529088
K30_alphasymmetric_betasymmetric,7,0.6625063942005271
K30_alphasymmetric_betasymmetric,8,0.26825262626988605
K30_alphasymmetric_betasymmetric,9,0.6304895331827425
K30_alphasymmetric_betasymmetric,10,0.5937452749093445
K30_alphasymmetric_betasymmetric,11,0.5571696226842913
K30_alphasymmetric_betasymmetric,12,0.4259447744167516
K30_alphasymmetric_betasymmetric,13,0.4696173653657074
K30_alphasymmetric_betasymmetric,14,0.48988401218855415
K30_alphasymmetric_betasymmetric,15,0.5070181133270801
K30_alphasymmetric_betasymmetric,16,0.4123183222449677
K30_alphasymmetric_betasymmetric,17,0.44212249634288636
K30_alphasymmetric_betasymmetric,18,0.6238204105567705
K30_alphasymmetric_betasymmetric,19,0.34762300936034946
K30_alphasymmetric_betasymmetric,20,0.5561631146216424
K30_alphasymmetric_betasymmetric,21,0.43590221127580453
K30_alphasymmetric_betasymmetric,22,0.5489576378238811
K30_alphasymmetric_betasymmetric,23,0.4262842592724024
K30_alphasymmetric_betasymmetric,24,0.3609119136751417
K30_alphasymmetric_betasymmetric,25,0.469438076537337
K30_alphasymmetric_betasymmetric,26,0.27919148826049683
K30_alphasymmetric_betasymmetric,27,0.40081836522853054
K30_alphasymmetric_betasymmetric,28,0.43441968011377946
K30_alphasymmetric_betasymmetric,29,0.4387356848699763
K30_alphasymmetric_beta0.01,0,0.4585544595020026
K30_alphasymmetric_beta0.01,1,0.37337798656540516
K30_alphasymmetric_beta0.01,2,0.4417663186453248
K30_alphasymmetric_beta0.01,3,0.4483261917439134
K30_alphasymmetric_beta0.01,4,0.4813982031899425
K30_alphasymmetric_beta0.01,5,0.50246266226133
K30_alphasymmetric_beta0.01,6,0.4803540279187436
K30_alphasymmetric_beta0.01,7,0.6385717824387714
K30_alphasymmetric_beta0.01,8,0.3103216606791271
K30_alphasymmetric_beta0.01,9,0.6432938441713228
K30_alphasymmetric_beta0.01,10,0.4477122756947353
K30_alphasymmetric_beta0.01,11,0.5531517115385645
K30_alphasymmetric_beta0.01,12,0.3605872775679989
K30_alphasymmetric_beta0.01,13,0.4696173653657073
K30_alphasymmetric_beta0.01,14,0.48189896971767465
K30_alphasymmetric_beta0.01,15,0.5186762271255834
K30_alphasymmetric_beta0.01,16,0.3980351143617953
K30_alphasymmetric_beta0.01,17,0.45361463912045974
K30_alphasymmetric_beta0.01,18,0.6238204105567706
K30_alphasymmetric_beta0.01,19,0.33793450873486086
K30_alphasymmetric_beta0.01,20,0.5602427613163897
K30_alphasymmetric_beta0.01,21,0.43133935934559436
K30_alphasymmetric_beta0.01,22,0.3529795624867359
K30_alphasymmetric_beta0.01,23,0.39561150115783505
K30_alphasymmetric_beta0.01,24,0.3609119136751417
K30_alphasymmetric_beta0.01,25,0.5943384939524969
K30_alphasymmetric_beta0.01,26,0.2802375182345319
K30_alphasymmetric_beta0.01,27,0.3918823111806117
K30_alphasymmetric_beta0.01,28,0.42271623448061535
K30_alphasymmetric_beta0.01,29,0.4387356848699763
K30_alphasymmetric_beta0.1,0,0.4546092318032738
K30_alphasymmetric_beta0.1,1,0.48365969247658896
K30_alphasymmetric_beta0.1,2,0.47163719623296874
K30_alphasymmetric_beta0.1,3,0.43381948153685823
K30_alphasymmetric_beta0.1,4,0.4656783865034007
K30_alphasymmetric_beta0.1,5,0.5805043398890507
K30_alphasymmetric_beta0.1,6,0.43451919362304486
K30_alphasymmetric_beta0.1,7,0.6601713016934218
K30_alphasymmetric_beta0.1,8,0.38370333894578756
K30_alphasymmetric_beta0.1,9,0.6304895331827425
K30_alphasymmetric_beta0.1,10,0.7356049377659872
K30_alphasymmetric_beta0.1,11,0.5571696226842913
K30_alphasymmetric_beta0.1,12,0.5409168935606472
K30_alphasymmetric_beta0.1,13,0.4696173653657074
K30_alphasymmetric_beta0.1,14,0.48988401218855404
K30_alphasymmetric_beta0.1,15,0.4481064047151415
K30_alphasymmetric_beta0.1,16,0.40328209119549685
K30_alphasymmetric_beta0.1,17,0.5051108758723627
K30_alphasymmetric_beta0.1,18,0.6238204105567704
K30_alphasymmetric_beta0.1,19,0.34762300936034946
K30_alphasymmetric_beta0.1,20,0.5561631146216423
K30_alphasymmetric_beta0.1,21,0.43805706606119105
K30_alphasymmetric_beta0.1,22,0.5571649064163433
K30_alphasymmetric_beta0.1,23,0.41712994057356034
K30_alphasymmetric_beta0.1,24,0.3609119136751417
K30_alphasymmetric_beta0.1,25,0.4141604532421585
K30_alphasymmetric_beta0.1,26,0.27609916398862
K30_alphasymmetric_beta0.1,27,0.3834944505257013
K30_alphasymmetric_beta0.1,28,0.4683755484460487
K30_alphasymmetric_beta0.1,29,0.5109686768185145
K30_alphasymmetric_beta0.5,0,0.5095408951473165
K30_alphasymmetric_beta0.5,1,0.5721647066041453
K30_alphasymmetric_beta0.5,2,0.4733730260119658
K30_alphasymmetric_beta0.5,3,0.5328784490720022
K30_alphasymmetric_beta0.5,4,0.5782887431318389
K30_alphasymmetric_beta0.5,5,0.35851469991854634
K30_alphasymmetric_beta0.5,6,0.3723387070774036
K30_alphasymmetric_beta0.5,7,0.5292460669838284
K30_alphasymmetric_beta0.5,8,0.4171205873663867
K30_alphasymmetric_beta0.5,9,0.6612394739464328
K30_alphasymmetric_beta0.5,10,0.3376935692154459
K30_alphasymmetric_beta0.5,11,0.5510523032482972
K30_alphasymmetric_beta0.5,12,0.413322143205724
K30_alphasymmetric_beta0.5,13,0.5584136349517596
K30_alphasymmetric_beta0.5,14,0.4466954260631929
K30_alphasymmetric_beta0.5,15,0.5082255896495915
K30_alphasymmetric_beta0.5,16,0.3678321271542749
K30_alphasymmetric_beta0.5,17,0.46428436834743814
K30_alphasymmetric_beta0.5,18,0.642020902021942
K30_alphasymmetric_beta0.5,19,0.31391167552068827
K30_alphasymmetric_beta0.5,20,0.4320613298088346
K30_alphasymmetric_beta0.5,21,0.40739045307266347
K30_alphasymmetric_beta0.5,22,0.6684734577162026
K30_alphasymmetric_beta0.5,23,0.3812119366522361
K30_alphasymmetric_beta0.5,24,0.36906800787415545
K30_alphasymmetric_beta0.5,25,0.41053778936421786
K30_alphasymmetric_beta0.5,26,0.21651077690377923
K30_alphasymmetric_beta0.5,27,0.3623251756687908
K30_alphasymmetric_beta0.5,28,0.4210283311618821
K30_alphasymmetric_beta0.5,29,0.4520726533009764
K30_alphaasymmetric_betasymmetric,0,0.4660592259875413
K30_alphaasymmetric_betasymmetric,1,0.4107684286366301
K30_alphaasymmetric_betasymmetric,2,0.4569933427962821
K30_alphaasymmetric_betasymmetric,3,0.4152976810283534
K30_alphaasymmetric_betasymmetric,4,0.5292508685032259
K30_alphaasymmetric_betasymmetric,5,0.5805043398890507
K30_alphaasymmetric_betasymmetric,6,0.5279193486529088
K30_alphaasymmetric_betasymmetric,7,0.6601713016934218
K30_alphaasymmetric_betasymmetric,8,0.26825262626988605
K30_alphaasymmetric_betasymmetric,9,0.6304895331827425
K30_alphaasymmetric_betasymmetric,10,0.6416168683141427
K30_alphaasymmetric_betasymmetric,11,0.5571696226842912
K30_alphaasymmetric_betasymmetric,12,0.4259447744167516
K30_alphaasymmetric_betasymmetric,13,0.4696173653657074
K30_alphaasymmetric_betasymmetric,14,0.48988401218855415
K30_alphaasymmetric_betasymmetric,15,0.5106106695774106
K30_alphaasymmetric_betasymmetric,16,0.4313320707716358
K30_alphaasymmetric_betasymmetric,17,0.4485562313350836
K30_alphaasymmetric_betasymmetric,18,0.6238204105567705
K30_alphaasymmetric_betasymmetric,19,0.34762300936034946
K30_alphaasymmetric_betasymmetric,20,0.5561631146216423
K30_alphaasymmetric_betasymmetric,21,0.43590221127580453
K30_alphaasymmetric_betasymmetric,22,0.5489576378238811
K30_alphaasymmetric_betasymmetric,23,0.42628425927240227
K30_alphaasymmetric_betasymmetric,24,0.3609119136751417
K30_alphaasymmetric_betasymmetric,25,0.4572787409417301
K30_alphaasymmetric_betasymmetric,26,0.29271080682534106
K30_alphaasymmetric_betasymmetric,27,0.3986521304609589
K30_alphaasymmetric_betasymmetric,28,0.42021436030694764
K30_alphaasymmetric_betasymmetric,29,0.43873568486997616
K30_alphaasymmetric_beta0.01,0,0.4546092318032738
K30_alphaasymmetric_beta0.01,1,0.3733779865654051
K30_alphaasymmetric_beta0.01,2,0.4417663186453248
K30_alphaasymmetric_beta0.01,3,0.4670735361745523
K30_alphaasymmetric_beta0.01,4,0.4918059931103542
K30_alphaasymmetric_beta0.01,5,0.5024626622613299
K30_alphaasymmetric_beta0.01,6,0.48035402791874365
K30_alphaasymmetric_beta0.01,7,0.6314692780256838
K30_alphaasymmetric_beta0.01,8,0.294949728722913
K30_alphaasymmetric_beta0.01,9,0.6432938441713228
K30_alphaasymmetric_beta0.01,10,0.43479119078148515
K30_alphaasymmetric_beta0.01,11,0.5571696226842913
K30_alphaasymmetric_beta0.01,12,0.3563080519857734
K30_alphaasymmetric_beta0.01,13,0.4696173653657073
K30_alphaasymmetric_beta0.01,14,0.48988401218855415
K30_alphaasymmetric_beta0.01,15,0.5186762271255834
K30_alphaasymmetric_beta0.01,16,0.3980351143617953
K30_alphaasymmetric_beta0.01,17,0.4676356661649897
K30_alphaasymmetric_beta0.01,18,0.6238204105567705
K30_alphaasymmetric_beta0.01,19,0.33793450873486086
K30_alphaasymmetric_beta0.01,20,0.5602427613163898
K30_alphaasymmetric_beta0.01,21,0.43133935934559436
K30_alphaasymmetric_beta0.01,22,0.44909750017473105
K30_alphaasymmetric_beta0.01,23,0.39561150115783505
K30_alphaasymmetric_beta0.01,24,0.3609119136751417
K30_alphaasymmetric_beta0.01,25,0.5348169787869999
K30_alphaasymmetric_beta0.01,26,0.2808532340433484
K30_alphaasymmetric_beta0.01,27,0.4112653687927117
K30_alphaasymmetric_beta0.01,28,0.42271623448061535
K30_alphaasymmetric_beta0.01,29,0.4783976615615474
K30_alphaasymmetric_beta0.1,0,0.4546092318032738
K30_alphaasymmetric_beta0.1,1,0.47266362802896345
K30_alphaasymmetric_beta0.1,2,0.47163719623296874
K30_alphaasymmetric_beta0.1,3,0.43381948153685823
K30_alphaasymmetric_beta0.1,4,0.501103568967008
K30_alphaasymmetric_beta0.1,5,0.5805043398890507
K30_alphaasymmetric_beta0.1,6,0.43451919362304486
K30_alphaasymmetric_beta0.1,7,0.6601713016934218
K30_alphaasymmetric_beta0.1,8,0.3571040288822138
K30_alphaasymmetric_beta0.1,9,0.6304895331827425
K30_alphaasymmetric_beta0.1,10,0.7634794707780542
K30_alphaasymmetric_beta0.1,11,0.5571696226842913
K30_alphaasymmetric_beta0.1,12,0.5409168935606472
K30_alphaasymmetric_beta0.1,13,0.4696173653657074
K30_alphaasymmetric_beta0.1,14,0.48988401218855404
K30_alphaasymmetric_beta0.1,15,0.42154480911052533
K30_alphaasymmetric_beta0.1,16,0.40328209119549685
K30_alphaasymmetric_beta0.1,17,0.5051108758723627
K30_alphaasymmetric_beta0.1,18,0.6238204105567704
K30_alphaasymmetric_beta0.1,19,0.3476230093603494
K30_alphaasymmetric_beta0.1,20,0.5334267713131962
K30_alphaasymmetric_beta0.1,21,0.43805706606119116
K30_alphaasymmetric_beta0.1,22,0.5571649064163433
K30_alphaasymmetric_beta0.1,23,0.41712994057356034
K30_alphaasymmetric_beta0.1,24,0.3609119136751417
K30_alphaasymmetric_beta0.1,25,0.4141604532421585
K30_alphaasymmetric_beta0.1,26,0.2983082510430942
K30_alphaasymmetric_beta0.1,27,0.3834944505257013
K30_alphaasymmetric_beta0.1,28,0.46837554844604856
K30_alphaasymmetric_beta0.1,29,0.5518004824005482
K30_alphaasymmetric_beta0.5,0,0.47261952514869615
K30_alphaasymmetric_beta0.5,1,0.6705727648056661
K30_alphaasymmetric_beta0.5,2,0.5016743366724162
K30_alphaasymmetric_beta0.5,3,0.5328784490720022
K30_alphaasymmetric_beta0.5,4,0.572095060974942
K30_alphaasymmetric_beta0.5,5,0.3538750152397035
K30_alphaasymmetric_beta0.5,6,0.3723387070774036
K30_alphaasymmetric_beta0.5,7,0.5665383963285682
K30_alphaasymmetric_beta0.5,8,0.3628829691167657
K30_alphaasymmetric_beta0.5,9,0.644685386118156
K30_alphaasymmetric_beta0.5,10,0.3376935692154459
K30_alphaasymmetric_beta0.5,11,0.523153999552157
K30_alphaasymmetric_beta0.5,12,0.4626099463164109
K30_alphaasymmetric_beta0.5,13,0.5694263693035757
K30_alphaasymmetric_beta0.5,14,0.4520351974221768
K30_alphaasymmetric_beta0.5,15,0.5082255896495917
K30_alphaasymmetric_beta0.5,16,0.39397317704303825
K30_alphaasymmetric_beta0.5,17,0.46428436834743814
K30_alphaasymmetric_beta0.5,18,0.6558633911949059
K30_alphaasymmetric_beta0.5,19,0.31391167552068827
K30_alphaasymmetric_beta0.5,20,0.4319933787549175
K30_alphaasymmetric_beta0.5,21,0.4554239305077218
K30_alphaasymmetric_beta0.5,22,0.6950330323792107
K30_alphaasymmetric_beta0.5,23,0.3812119366522361
K30_alphaasymmetric_beta0.5,24,0.40397221180650594
K30_alphaasymmetric_beta0.5,25,0.4160453478002455
K30_alphaasymmetric_beta0.5,26,0.21651077690377923
K30_alphaasymmetric_beta0.5,27,0.3876298191592688
K30_alphaasymmetric_beta0.5,28,0.29607196153487275
K30_alphaasymmetric_beta0.5,29,0.42290775348827686
K30_alpha0.01_betasymmetric,0,0.4546092318032738
K30_alpha0.01_betasymmetric,1,0.4107684286366302
K30_alpha0.01_betasymmetric,2,0.44799442558985636
K30_alpha0.01_betasymmetric,3,0.4152976810283534
K30_alpha0.01_betasymmetric,4,0.5292508685032258
K30_alpha0.01_betasymmetric,5,0.557164218567783
K30_alpha0.01_betasymmetric,6,0.5279193486529088
K30_alpha0.01_betasymmetric,7,0.6601713016934218
K30_alpha0.01_betasymmetric,8,0.26825262626988605
K30_alpha0.01_betasymmetric,9,0.6304895331827424
K30_alpha0.01_betasymmetric,10,0.5937452749093446
K30_alpha0.01_betasymmetric,11,0.5571696226842913
K30_alpha0.01_betasymmetric,12,0.4259447744167516
K30_alpha0.01_betasymmetric,13,0.4696173653657074
K30_alpha0.01_betasymmetric,14,0.48988401218855415
K30_alpha0.01_betasymmetric,15,0.48480878669511257
K30_alpha0.01_betasymmetric,16,0.4123183222449677
K30_alpha0.01_betasymmetric,17,0.45224227820055507
K30_alpha0.01_betasymmetric,18,0.6238204105567705
K30_alpha0.01_betasymmetric,19,0.34762300936034946
K30_alpha0.01_betasymmetric,20,0.5561631146216424
K30_alpha0.01_betasymmetric,21,0.4359022112758044
K30_alpha0.01_betasymmetric,22,0.5489576378238811
K30_alpha0.01_betasymmetric,23,0.4262842592724024
K30_alpha0.01_betasymmetric,24,0.3609119136751417
K30_alpha0.01_betasymmetric,25,0.46943807653733705
K30_alpha0.01_betasymmetric,26,0.27919148826049683
K30_alpha0.01_betasymmetric,27,0.40081836522853054
K30_alpha0.01_betasymmetric,28,0.43441968011377946
K30_alpha0.01_betasymmetric,29,0.43873568486997616
K30_alpha0.01_beta0.01,0,0.4585544595020026
K30_alpha0.01_beta0.01,1,0.37337798656540516
K30_alpha0.01_beta0.01,2,0.4417663186453248
K30_alpha0.01_beta0.01,3,0.4483261917439134
K30_alpha0.01_beta0.01,4,0.48139820318994236
K30_alpha0.01_beta0.01,5,0.50246266226133
K30_alpha0.01_beta0.01,6,0.4803540279187436
K30_alpha0.01_beta0.01,7,0.6385717824387714
K30_alpha0.01_beta0.01,8,0.2966329249446991
K30_alpha0.01_beta0.01,9,0.6432938441713227
K30_alpha0.01_beta0.01,10,0.4417571013528014
K30_alpha0.01_beta0.01,11,0.5446220723897257
K30_alpha0.01_beta0.01,12,0.36905623508774055
K30_alpha0.01_beta0.01,13,0.4696173653657073
K30_alpha0.01_beta0.01,14,0.48189896971767465
K30_alpha0.01_beta0.01,15,0.5176627637848144
K30_alpha0.01_beta0.01,16,0.3980351143617953
K30_alpha0.01_beta0.01,17,0.45361463912045974
K30_alpha0.01_beta0.01,18,0.6238204105567706
K30_alpha0.01_beta0.01,19,0.3379345087348608
K30_alpha0.01_beta0.01,20,0.5602427613163898
K30_alpha0.01_beta0.01,21,0.43133935934559436
K30_alpha0.01_beta0.01,22,0.3237565105303578
K30_alpha0.01_beta0.01,23,0.3956115011578351
K30_alpha0.01_beta0.01,24,0.3609119136751417
K30_alpha0.01_beta0.01,25,0.5837584149230425
K30_alpha0.01_beta0.01,26,0.2802375182345319
K30_alpha0.01_beta0.01,27,0.397539751849869
K30_alpha0.01_beta0.01,28,0.42271623448061535
K30_alpha0.01_beta0.01,29,0.4387356848699763
K30_alpha0.01_beta0.1,0,0.4546092318032738
K30_alpha0.01_beta0.1,1,0.4836596924765891
K30_alpha0.01_beta0.1,2,0.47163719623296874
K30_alpha0.01_beta0.1,3,0.43381948153685823
K30_alpha0.01_beta0.1,4,0.4656783865034006
K30_alpha0.01_beta0.1,5,0.5805043398890507
K30_alpha0.01_beta0.1,6,0.43451919362304486
K30_alpha0.01_beta0.1,7,0.6601713016934218
K30_alpha0.01_beta0.1,8,0.38370333894578756
K30_alpha0.01_beta0.1,9,0.6304895331827425
K30_alpha0.01_beta0.1,10,0.7634794707780542
K30_alpha0.01_beta0.1,11,0.5571696226842913
K30_alpha0.01_beta0.1,12,0.5409168935606472
K30_alpha0.01_beta0.1,13,0.4696173653657074
K30_alpha0.01_beta0.1,14,0.48988401218855404
K30_alpha0.01_beta0.1,15,0.4481064047151415
K30_alpha0.01_beta0.1,16,0.40328209119549685
K30_alpha0.01_beta0.1,17,0.5051108758723627
K30_alpha0.01_beta0.1,18,0.6238204105567704
K30_alpha0.01_beta0.1,19,0.3476230093603494
K30_alpha0.01_beta0.1,20,0.5561631146216423
K30_alpha0.01_beta0.1,21,0.43805706606119105
K30_alpha0.01_beta0.1,22,0.5571649064163433
K30_alpha0.01_beta0.1,23,0.4171299405735603
K30_alpha0.01_beta0.1,24,0.3609119136751417
K30_alpha0.01_beta0.1,25,0.4141604532421585
K30_alpha0.01_beta0.1,26,0.27609916398862
K30_alpha0.01_beta0.1,27,0.3834944505257013
K30_alpha0.01_beta0.1,28,0.46837554844604856
K30_alpha0.01_beta0.1,29,0.5065246404154861
K30_alpha0.01_beta0.5,0,0.5054315075276764
K30_alpha0.01_beta0.5,1,0.5724268441155
K30_alpha0.01_beta0.5,2,0.47337302601196585
K30_alpha0.01_beta0.5,3,0.5328784490720022
K30_alpha0.01_beta0.5,4,0.5510302155028126
K30_alpha0.01_beta0.5,5,0.35851469991854634
K30_alpha0.01_beta0.5,6,0.3723387070774036
K30_alpha0.01_beta0.5,7,0.513367583506845
K30_alpha0.01_beta0.5,8,0.42894830675785267
K30_alpha0.01_beta0.5,9,0.6612394739464327
K30_alpha0.01_beta0.5,10,0.3376935692154459
K30_alpha0.01_beta0.5,11,0.5510523032482972
K30_alpha0.01_beta0.5,12,0.413322143205724
K30_alpha0.01_beta0.5,13,0.5584136349517596
K30_alpha0.01_beta0.5,14,0.4520351974221768
K30_alpha0.01_beta0.5,15,0.5082255896495915
K30_alpha0.01_beta0.5,16,0.3678321271542749
K30_alpha0.01_beta0.5,17,0.46428436834743814
K30_alpha0.01_beta0.5,18,0.642020902021942
K30_alpha0.01_beta0.5,19,0.31391167552068827
K30_alpha0.01_beta0.5,20,0.43206132980883466
K30_alpha0.01_beta0.5,21,0.40739045307266347
K30_alpha0.01_beta0.5,22,0.5931551260263046
K30_alpha0.01_beta0.5,23,0.3812119366522361
K30_alpha0.01_beta0.5,24,0.3690680078741555
K30_alpha0.01_beta0.5,25,0.4202286731532083
K30_alpha0.01_beta0.5,26,0.21651077690377923
K30_alpha0.01_beta0.5,27,0.3623251756687909
K30_alpha0.01_beta0.5,28,0.421028331161882
K30_alpha0.01_beta0.5,29,0.4520726533009764
K30_alpha0.1_betasymmetric,0,0.4546092318032738
K30_alpha0.1_betasymmetric,1,0.4107684286366301
K30_alpha0.1_betasymmetric,2,0.4569933427962821
K30_alpha0.1_betasymmetric,3,0.43640212818444707
K30_alpha0.1_betasymmetric,4,0.51072854235221
K30_alpha0.1_betasymmetric,5,0.5571642185677828
K30_alpha0.1_betasymmetric,6,0.5279193486529088
K30_alpha0.1_betasymmetric,7,0.662506394200527
K30_alpha0.1_betasymmetric,8,0.26666274273316193
K30_alpha0.1_betasymmetric,9,0.6304895331827425
K30_alpha0.1_betasymmetric,10,0.5462265919827995
K30_alpha0.1_betasymmetric,11,0.5571696226842913
K30_alpha0.1_betasymmetric,12,0.45627598337045205
K30_alpha0.1_betasymmetric,13,0.4696173653657074
K30_alpha0.1_betasymmetric,14,0.48189896971767465
K30_alpha0.1_betasymmetric,15,0.50701811332708
K30_alpha0.1_betasymmetric,16,0.43133207077163593
K30_alpha0.1_betasymmetric,17,0.4601461186096363
K30_alpha0.1_betasymmetric,18,0.6238204105567705
K30_alpha0.1_betasymmetric,19,0.34762300936034946
K30_alpha0.1_betasymmetric,20,0.5602427613163898
K30_alpha0.1_betasymmetric,21,0.42317131293714205
K30_alpha0.1_betasymmetric,22,0.5489576378238811
K30_alpha0.1_betasymmetric,23,0.42628425927240227
K30_alpha0.1_betasymmetric,24,0.3609119136751417
K30_alpha0.1_betasymmetric,25,0.46943807653733705
K30_alpha0.1_betasymmetric,26,0.27671699431998525
K30_alpha0.1_betasymmetric,27,0.3593061967411211
K30_alpha0.1_betasymmetric,28,0.44955070813919606
K30_alpha0.1_betasymmetric,29,0.4387356848699763
K30_alpha0.1_beta0.01,0,0.45855445950200246
K30_alpha0.1_beta0.01,1,0.3809992463863599
K30_alpha0.1_beta0.01,2,0.4417663186453248
K30_alpha0.1_beta0.01,3,0.48980948866232943
K30_alpha0.1_beta0.01,4,0.5024959378751306
K30_alpha0.1_beta0.01,5,0.5397244498954887
K30_alpha0.1_beta0.01,6,0.49420335300422524
K30_alpha0.1_beta0.01,7,0.6660424913289698
K30_alpha0.1_beta0.01,8,0.5753202075737085
K30_alpha0.1_beta0.01,9,0.6607423016097224
K30_alpha0.1_beta0.01,10,0.4797568252834402
K30_alpha0.1_beta0.01,11,0.5637942265130998
K30_alpha0.1_beta0.01,12,0.3754247645862163
K30_alpha0.1_beta0.01,13,0.4696173653657073
K30_alpha0.1_beta0.01,14,0.48955632042319397
K30_alpha0.1_beta0.01,15,0.527486524850042
K30_alpha0.1_beta0.01,16,0.43133207077163593
K30_alpha0.1_beta0.01,17,0.45361463912045974
K30_alpha0.1_beta0.01,18,0.6111487351540512
K30_alpha0.1_beta0.01,19,0.33793450873486086
K30_alpha0.1_beta0.01,20,0.5602427613163898
K30_alpha0.1_beta0.01,21,0.4417640083349611
K30_alpha0.1_beta0.01,22,0.4765402253420342
K30_alpha0.1_beta0.01,23,0.4036818039564431
K30_alpha0.1_beta0.01,24,0.3609119136751417
K30_alpha0.1_beta0.01,25,0.5056752871873913
K30_alpha0.1_beta0.01,26,0.27547551712169666
K30_alpha0.1_beta0.01,27,0.4112653687927117
K30_alpha0.1_beta0.01,28,0.40236081069747176
K30_alpha0.1_beta0.01,29,0.4387356848699763
K30_alpha0.1_beta0.1,0,0.4546092318032738
K30_alpha0.1_beta0.1,1,0.4836596924765891
K30_alpha0.1_beta0.1,2,0.47163719623296874
K30_alpha0.1_beta0.1,3,0.43381948153685823
K30_alpha0.1_beta0.1,4,0.4828745516801362
K30_alpha0.1_beta0.1,5,0.5805043398890507
K30_alpha0.1_beta0.1,6,0.43451919362304486
K30_alpha0.1_beta0.1,7,0.6601713016934218
K30_alpha0.1_beta0.1,8,0.3571040288822138
K30_alpha0.1_beta0.1,9,0.6304895331827425
K30_alpha0.1_beta0.1,10,0.7111924773804881
K30_alpha0.1_beta0.1,11,0.5571696226842912
K30_alpha0.1_beta0.1,12,0.5716499964867968
K30_alpha0.1_beta0.1,13,0.4696173653657074
K30_alpha0.1_beta0.1,14,0.48988401218855415
K30_alpha0.1_beta0.1,15,0.45509012769204665
K30_alpha0.1_beta0.1,16,0.40328209119549685
K30_alpha0.1_beta0.1,17,0.4593544439623078
K30_alpha0.1_beta0.1,18,0.6238204105567704
K30_alpha0.1_beta0.1,19,0.3476230093603494
K30_alpha0.1_beta0.1,20,0.5561631146216423
K30_alpha0.1_beta0.1,21,0.4260330800657185
K30_alpha0.1_beta0.1,22,0.5571649064163433
K30_alpha0.1_beta0.1,23,0.4171299405735603
K30_alpha0.1_beta0.1,24,0.3609119136751417
K30_alpha0.1_beta0.1,25,0.4141604532421585
K30_alpha0.1_beta0.1,26,0.2767169943199853
K30_alpha0.1_beta0.1,27,0.38349445052570136
K30_alpha0.1_beta0.1,28,0.4683755484460487
K30_alpha0.1_beta0.1,29,0.5109686768185145
K30_alpha0.1_beta0.5,0,0.5095408951473167
K30_alpha0.1_beta0.5,1,0.5132711613819646
K30_alpha0.1_beta0.5,2,0.4733730260119658
K30_alpha0.1_beta0.5,3,0.5328784490720022
K30_alpha0.1_beta0.5,4,0.578288743131839
K30_alpha0.1_beta0.5,5,0.35851469991854634
K30_alpha0.1_beta0.5,6,0.3723387070774035
K30_alpha0.1_beta0.5,7,0.5640049409648343
K30_alpha0.1_beta0.5,8,0.4171205873663867
K30_alpha0.1_beta0.5,9,0.6612394739464327
K30_alpha0.1_beta0.5,10,0.36163684093736753
K30_alpha0.1_beta0.5,11,0.5510523032482972
K30_alpha0.1_beta0.5,12,0.413322143205724
K30_alpha0.1_beta0.5,13,0.5584136349517596
K30_alpha0.1_beta0.5,14,0.4466954260631929
K30_alpha0.1_beta0.5,15,0.5082255896495917
K30_alpha0.1_beta0.5,16,0.3678321271542749
K30_alpha0.1_beta0.5,17,0.46428436834743814
K30_alpha0.1_beta0.5,18,0.6420209020219422
K30_alpha0.1_beta0.5,19,0.31391167552068827
K30_alpha0.1_beta0.5,20,0.4320613298088346
K30_alpha0.1_beta0.5,21,0.4073904530726636
K30_alpha0.1_beta0.5,22,0.7194933410528812
K30_alpha0.1_beta0.5,23,0.3812119366522362
K30_alpha0.1_beta0.5,24,0.40397221180650594
K30_alpha0.1_beta0.5,25,0.41053778936421786
K30_alpha0.1_beta0.5,26,0.21651077690377923
K30_alpha0.1_beta0.5,27,0.36136223030458164
K30_alpha0.1_beta0.5,28,0.4210283311618821
K30_alpha0.1_beta0.5,29,0.4520726533009764
K30_alpha0.5_betasymmetric,0,0.4619766009261558
K30_alpha0.5_betasymmetric,1,0.4307250302742255
K30_alpha0.5_betasymmetric,2,0.4572631246608053
K30_alpha0.5_betasymmetric,3,0.4625013235340866
K30_alpha0.5_betasymmetric,4,0.49727435165429323
K30_alpha0.5_betasymmetric,5,0.5899244478625524
K30_alpha0.5_betasymmetric,6,0.5020596234418111
K30_alpha0.5_betasymmetric,7,0.6523432438663306
K30_alpha0.5_betasymmetric,8,0.5101486350006729
K30_alpha0.5_betasymmetric,9,0.6593693458164327
K30_alpha0.5_betasymmetric,10,0.6311025211586818
K30_alpha0.5_betasymmetric,11,0.5701730792761013
K30_alpha0.5_betasymmetric,12,0.47645410758149565
K30_alpha0.5_betasymmetric,13,0.4696173653657074
K30_alpha0.5_betasymmetric,14,0.5223260443659227
K30_alpha0.5_betasymmetric,15,0.48573945665233415
K30_alpha0.5_betasymmetric,16,0.40948856525088456
K30_alpha0.5_betasymmetric,17,0.459292139437543
K30_alpha0.5_betasymmetric,18,0.6398659455483742
K30_alpha0.5_betasymmetric,19,0.34762300936034946
K30_alpha0.5_betasymmetric,20,0.5602427613163897
K30_alpha0.5_betasymmetric,21,0.42586472967783917
K30_alpha0.5_betasymmetric,22,0.5703273728465901
K30_alpha0.5_betasymmetric,23,0.42129610418733615
K30_alpha0.5_betasymmetric,24,0.3609119136751417
K30_alpha0.5_betasymmetric,25,0.4215755760507444
K30_alpha0.5_betasymmetric,26,0.2922234431364524
K30_alpha0.5_betasymmetric,27,0.36942833900578254
K30_alpha0.5_betasymmetric,28,0.42773722527882246
K30_alpha0.5_betasymmetric,29,0.4387356848699763
K30_alpha0.5_beta0.01,0,0.4328215209211669
K30_alpha0.5_beta0.01,1,0.38099924638635996
K30_alpha0.5_beta0.01,2,0.4572631246608053
K30_alpha0.5_beta0.01,3,0.47492127787354654
K30_alpha0.5_beta0.01,4,0.46668484658819054
K30_alpha0.5_beta0.01,5,0.5247548328724293
K30_alpha0.5_beta0.01,6,0.5140644813716646
K30_alpha0.5_beta0.01,7,0.6223580314972005
K30_alpha0.5_beta0.01,8,0.5131275201234669
K30_alpha0.5_beta0.01,9,0.6520357744086293
K30_alpha0.5_beta0.01,10,0.5984012723010793
K30_alpha0.5_beta0.01,11,0.5701730792761013
K30_alpha0.5_beta0.01,12,0.4357141781735875
K30_alpha0.5_beta0.01,13,0.4696173653657074
K30_alpha0.5_beta0.01,14,0.5223260443659227
K30_alpha0.5_beta0.01,15,0.45562637243056053
K30_alpha0.5_beta0.01,16,0.4313320707716358
K30_alpha0.5_beta0.01,17,0.46827455554505476
K30_alpha0.5_beta0.01,18,0.6130551789654757
K30_alpha0.5_beta0.01,19,0.35178302926822974
K30_alpha0.5_beta0.01,20,0.5602427613163897
K30_alpha0.5_beta0.01,21,0.42412491883049447
K30_alpha0.5_beta0.01,22,0.5703273728465901
K30_alpha0.5_beta0.01,23,0.42129610418733615
K30_alpha0.5_beta0.01,24,0.3609119136751417
K30_alpha0.5_beta0.01,25,0.45246110230464004
K30_alpha0.5_beta0.01,26,0.2922234431364523
K30_alpha0.5_beta0.01,27,0.41365610675506337
K30_alpha0.5_beta0.01,28,0.39412745952113737
K30_alpha0.5_beta0.01,29,0.4387356848699763
K30_alpha0.5_beta0.1,0,0.45460923180327384
K30_alpha0.5_beta0.1,1,0.45090018442803637
K30_alpha0.5_beta0.1,2,0.45726312466080543
K30_alpha0.5_beta0.1,3,0.4703819272999043
K30_alpha0.5_beta0.1,4,0.4824843369515051
K30_alpha0.5_beta0.1,5,0.5875997432950205
K30_alpha0.5_beta0.1,6,0.4345191936230449
K30_alpha0.5_beta0.1,7,0.6201301659158538
K30_alpha0.5_beta0.1,8,0.39395271759375017
K30_alpha0.5_beta0.1,9,0.6304895331827425
K30_alpha0.5_beta0.1,10,0.596707976035025
K30_alpha0.5_beta0.1,11,0.5571696226842912
K30_alpha0.5_beta0.1,12,0.47435385251826967
K30_alpha0.5_beta0.1,13,0.4696173653657074
K30_alpha0.5_beta0.1,14,0.4701480461542743
K30_alpha0.5_beta0.1,15,0.4969649483883563
K30_alpha0.5_beta0.1,16,0.40328209119549685
K30_alpha0.5_beta0.1,17,0.5084475421446115
K30_alpha0.5_beta0.1,18,0.6238204105567704
K30_alpha0.5_beta0.1,19,0.34762300936034946
K30_alpha0.5_beta0.1,20,0.5777812701471052
K30_alpha0.5_beta0.1,21,0.4421539462944599
K30_alpha0.5_beta0.1,22,0.5703273728465901
K30_alpha0.5_beta0.1,23,0.39418230113719127
K30_alpha0.5_beta0.1,24,0.3609119136751417
K30_alpha0.5_beta0.1,25,0.3100539731849841
K30_alpha0.5_beta0.1,26,0.2864537724514831
K30_alpha0.5_beta0.1,27,0.36264343091773454
K30_alpha0.5_beta0.1,28,0.4708042549569799
K30_alpha0.5_beta0.1,29,0.5109686768185145
K30_alpha0.5_beta0.5,0,0.4628760946526397
K30_alpha0.5_beta0.5,1,0.35952575093304245
K30_alpha0.5_beta0.5,2,0.4388293305162291
K30_alpha0.5_beta0.5,3,0.5328784490720021
K30_alpha0.5_beta0.5,4,0.5839744811973586
K30_alpha0.5_beta0.5,5,0.366592635636498
K30_alpha0.5_beta0.5,6,0.3356249809673484
K30_alpha0.5_beta0.5,7,0.5640049409648344
K30_alpha0.5_beta0.5,8,0.3260797445049219
K30_alpha0.5_beta0.5,9,0.6116052666998193
K30_alpha0.5_beta0.5,10,0.36163684093736753
K30_alpha0.5_beta0.5,11,0.5231539995521569
K30_alpha0.5_beta0.5,12,0.413322143205724
K30_alpha0.5_beta0.5,13,0.5694263693035757
K30_alpha0.5_beta0.5,14,0.4466954260631929
K30_alpha0.5_beta0.5,15,0.5148172804149556
K30_alpha0.5_beta0.5,16,0.3939731770430383
K30_alpha0.5_beta0.5,17,0.46428436834743814
K30_alpha0.5_beta0.5,18,0.642020902021942
K30_alpha0.5_beta0.5,19,0.31391167552068827
K30_alpha0.5_beta0.5,20,0.43206132980883466
K30_alpha0.5_beta0.5,21,0.4042699320495416
K30_alpha0.5_beta0.5,22,0.6897837447033639
K30_alpha0.5_beta0.5,23,0.38121193665223607
K30_alpha0.5_beta0.5,24,0.42106062098313013
K30_alpha0.5_beta0.5,25,0.35820588896414407
K30_alpha0.5_beta0.5,26,0.22389179089607342
K30_alpha0.5_beta0.5,27,0.3814388151808464
K30_alpha0.5_beta0.5,28,0.4022651350835698
K30_alpha0.5_beta0.5,29,0.4319562816158876
K40_alphasymmetric_betasymmetric,0,0.4462646098499417
K40_alphasymmetric_betasymmetric,1,0.46209259051604007
K40_alphasymmetric_betasymmetric,2,0.6242295349070529
K40_alphasymmetric_betasymmetric,3,0.4770954114009337
K40_alphasymmetric_betasymmetric,4,0.43383053318246423
K40_alphasymmetric_betasymmetric,5,0.506161784492204
K40_alphasymmetric_betasymmetric,6,0.5115844977910625
K40_alphasymmetric_betasymmetric,7,0.6356111198198248
K40_alphasymmetric_betasymmetric,8,0.311327866479017
K40_alphasymmetric_betasymmetric,9,0.5563637383193034
K40_alphasymmetric_betasymmetric,10,0.5947397856621811
K40_alphasymmetric_betasymmetric,11,0.517464751244342
K40_alphasymmetric_betasymmetric,12,0.4701780060757474
K40_alphasymmetric_betasymmetric,13,0.46628634981732675
K40_alphasymmetric_betasymmetric,14,0.6535027428474799
K40_alphasymmetric_betasymmetric,15,0.5002155603551532
K40_alphasymmetric_betasymmetric,16,0.45486476756529
K40_alphasymmetric_betasymmetric,17,0.5258318556364857
K40_alphasymmetric_betasymmetric,18,0.6259175732833079
K40_alphasymmetric_betasymmetric,19,0.41012790402117794
K40_alphasymmetric_betasymmetric,20,0.5602427613163898
K40_alphasymmetric_betasymmetric,21,0.40485108925969165
K40_alphasymmetric_betasymmetric,22,0.4293720817707117
K40_alphasymmetric_betasymmetric,23,0.45290584765603503
K40_alphasymmetric_betasymmetric,24,0.37003686353122933
K40_alphasymmetric_betasymmetric,25,0.6089080176603713
K40_alphasymmetric_betasymmetric,26,0.27840357664664417
K40_alphasymmetric_betasymmetric,27,0.40520074323738475
K40_alphasymmetric_betasymmetric,28,0.4904279552663911
K40_alphasymmetric_betasymmetric,29,0.4108088869531338
K40_alphasymmetric_betasymmetric,30,0.48029165643623994
K40_alphasymmetric_betasymmetric,31,0.48082279578685894
K40_alphasymmetric_betasymmetric,32,0.48329833109677345
K40_alphasymmetric_betasymmetric,33,0.43242797891436224
K40_alphasymmetric_betasymmetric,34,0.6457975214669476
K40_alphasymmetric_betasymmetric,35,0.4563600797888137
K40_alphasymmetric_betasymmetric,36,0.48428232100808605
K40_alphasymmetric_betasymmetric,37,0.3990115362293866
K40_alphasymmetric_betasymmetric,38,0.3879477644106034
K40_alphasymmetric_betasymmetric,39,0.5139074318328893
K40_alphasymmetric_beta0.01,0,0.4585544595020027
K40_alphasymmetric_beta0.01,1,0.4609092192392601
K40_alphasymmetric_beta0.01,2,0.6072746774445711
K40_alphasymmetric_beta0.01,3,0.5337894530925757
K40_alphasymmetric_beta0.01,4,0.43688817743647484
K40_alphasymmetric_beta0.01,5,0.506161784492204
K40_alphasymmetric_beta0.01,6,0.5039907932903968
K40_alphasymmetric_beta0.01,7,0.6623839041081536
K40_alphasymmetric_beta0.01,8,0.3258732852148813
K40_alphasymmetric_beta0.01,9,0.5607424617365628
K40_alphasymmetric_beta0.01,10,0.6373906767383769
K40_alphasymmetric_beta0.01,11,0.5028750990890272
K40_alphasymmetric_beta0.01,12,0.4151394891790437
K40_alphasymmetric_beta0.01,13,0.46628634981732675
K40_alphasymmetric_beta0.01,14,0.6505924973243424
K40_alphasymmetric_beta0.01,15,0.49956747326632883
K40_alphasymmetric_beta0.01,16,0.4548647675652899
K40_alphasymmetric_beta0.01,17,0.5077230004836848
K40_alphasymmetric_beta0.01,18,0.6259175732833079
K40_alphasymmetric_beta0.01,19,0.4176529258253365
K40_alphasymmetric_beta0.01,20,0.5602427613163898
K40_alphasymmetric_beta0.01,21,0.4048510892596916
K40_alphasymmetric_beta0.01,22,0.4081843883151338
K40_alphasymmetric_beta0.01,23,0.45124246088792275
K40_alphasymmetric_beta0.01,24,0.37003686353122933
K40_alphasymmetric_beta0.01,25,0.6481347494230969
K40_alphasymmetric_beta0.01,26,0.285960909192122
K40_alphasymmetric_beta0.01,27,0.4027773243158144
K40_alphasymmetric_beta0.01,28,0.48581344723463565
K40_alphasymmetric_beta0.01,29,0.4669694872184723
K40_alphasymmetric_beta0.01,30,0.5292249618672884
K40_alphasymmetric_beta0.01,31,0.49349498818807536
K40_alphasymmetric_beta0.01,32,0.5325359068535757
K40_alphasymmetric_beta0.01,33,0.43242797891436224
K40_alphasymmetric_beta0.01,34,0.6481027219063945
K40_alphasymmetric_beta0.01,35,0.4745306546576164
K40_alphasymmetric_beta0.01,36,0.49314352273821155
K40_alphasymmetric_beta0.01,37,0.3936322568822596
K40_alphasymmetric_beta0.01,38,0.4426563863741391
K40_alphasymmetric_beta0.01,39,0.5158429054211757
K40_alphasymmetric_beta0.1,0,0.5304793884839614
K40_alphasymmetric_beta0.1,1,0.5774778834897727
K40_alphasymmetric_beta0.1,2,0.6361885894832044
K40_alphasymmetric_beta0.1,3,0.5098600752776079
K40_alphasymmetric_beta0.1,4,0.3413092121545012
K40_alphasymmetric_beta0.1,5,0.5037116715675096
K40_alphasymmetric_beta0.1,6,0.4861069893662292
K40_alphasymmetric_beta0.1,7,0.6061155227066299
K40_alphasymmetric_beta0.1,8,0.4074563642996566
K40_alphasymmetric_beta0.1,9,0.6019372288590088
K40_alphasymmetric_beta0.1,10,0.3851001007033504
K40_alphasymmetric_beta0.1,11,0.49470219321831876
K40_alphasymmetric_beta0.1,12,0.620878934805761
K40_alphasymmetric_beta0.1,13,0.45151575861666365
K40_alphasymmetric_beta0.1,14,0.687549238445829
K40_alphasymmetric_beta0.1,15,0.5357514337615673
K40_alphasymmetric_beta0.1,16,0.47138153470381006
K40_alphasymmetric_beta0.1,17,0.49527359033620105
K40_alphasymmetric_beta0.1,18,0.642094290300393
K40_alphasymmetric_beta0.1,19,0.477735352160957
K40_alphasymmetric_beta0.1,20,0.5254358613252144
K40_alphasymmetric_beta0.1,21,0.42317131293714205
K40_alphasymmetric_beta0.1,22,0.39341886235359813
K40_alphasymmetric_beta0.1,23,0.41712994057356034
K40_alphasymmetric_beta0.1,24,0.3696792934459497
K40_alphasymmetric_beta0.1,25,0.26432452195524087
K40_alphasymmetric_beta0.1,26,0.277316226913838
K40_alphasymmetric_beta0.1,27,0.4140855887433098
K40_alphasymmetric_beta0.1,28,0.46101057070610274
K40_alphasymmetric_beta0.1,29,0.4175530309103831
K40_alphasymmetric_beta0.1,30,0.4931952632835432
K40_alphasymmetric_beta0.1,31,0.4364144666867542
K40_alphasymmetric_beta0.1,32,0.46715776446164964
K40_alphasymmetric_beta0.1,33,0.42599251162849533
K40_alphasymmetric_beta0.1,34,0.7854809691091023
K40_alphasymmetric_beta0.1,35,0.5749257631788238
K40_alphasymmetric_beta0.1,36,0.43101870669920633
K40_alphasymmetric_beta0.1,37,0.3735552859657191
K40_alphasymmetric_beta0.1,38,0.43955373894361827
K40_alphasymmetric_beta0.1,39,0.3856257097793595
K40_alphasymmetric_beta0.5,0,0.5197912018919649
K40_alphasymmetric_beta0.5,1,0.30515175675584116
K40_alphasymmetric_beta0.5,2,0.21485445524696303
K40_alphasymmetric_beta0.5,3,0.5189507898419754
K40_alphasymmetric_beta0.5,4,0.4376913649647499
K40_alphasymmetric_beta0.5,5,0.1816393940639762
K40_alphasymmetric_beta0.5,6,0.2191914105663891
K40_alphasymmetric_beta0.5,7,0.5653386029354995
K40_alphasymmetric_beta0.5,8,0.39826768643772775
K40_alphasymmetric_beta0.5,9,0.6893582365703324
K40_alphasymmetric_beta0.5,10,0.5606924213499848
K40_alphasymmetric_beta0.5,11,0.36187456568168647
K40_alphasymmetric_beta0.5,12,0.673791200734996
K40_alphasymmetric_beta0.5,13,0.6044381484655694
K40_alphasymmetric_beta0.5,14,0.2982295232069589
K40_alphasymmetric_beta0.5,15,0.49086206846181674
K40_alphasymmetric_beta0.5,16,0.33543409786726064
K40_alphasymmetric_beta0.5,17,0.36913204168919894
K40_alphasymmetric_beta0.5,18,0.6654572110942643
K40_alphasymmetric_beta0.5,19,0.6541327474990052
K40_alphasymmetric_beta0.5,20,0.43331598234753443
K40_alphasymmetric_beta0.5,21,0.24631308219519896
K40_alphasymmetric_beta0.5,22,0.6040907871920538
K40_alphasymmetric_beta0.5,23,0.3738863707514614
K40_alphasymmetric_beta0.5,24,0.40984720715366185
K40_alphasymmetric_beta0.5,25,0.303335947582026
K40_alphasymmetric_beta0.5,26,0.17341568106395985
K40_alphasymmetric_beta0.5,27,0.38506367590831947
K40_alphasymmetric_beta0.5,28,0.16446719429519294
K40_alphasymmetric_beta0.5,29,0.4648241185221759
K40_alphasymmetric_beta0.5,30,0.5303667653195867
K40_alphasymmetric_beta0.5,31,0.3894787953707729
K40_alphasymmetric_beta0.5,32,0.6294704084308627
K40_alphasymmetric_beta0.5,33,0.36984824684377793
K40_alphasymmetric_beta0.5,34,0.8356454457553457
K40_alphasymmetric_beta0.5,35,0.43803332617417656
K40_alphasymmetric_beta0.5,36,0.2887903928641776
K40_alphasymmetric_beta0.5,37,0.7358001115312565
K40_alphasymmetric_beta0.5,38,0.3339389238843777
K40_alphasymmetric_beta0.5,39,0.5470480360662409
K40_alphaasymmetric_betasymmetric,0,0.45855445950200246
K40_alphaasymmetric_betasymmetric,1,0.43054554023313846
K40_alphaasymmetric_betasymmetric,2,0.6121065011512357
K40_alphaasymmetric_betasymmetric,3,0.4770954114009337
K40_alphaasymmetric_betasymmetric,4,0.46602804412964105
K40_alphaasymmetric_betasymmetric,5,0.48148944353053613
K40_alphaasymmetric_betasymmetric,6,0.5279193486529088
K40_alphaasymmetric_betasymmetric,7,0.5960950312635573
K40_alphaasymmetric_betasymmetric,8,0.31132786647901695
K40_alphaasymmetric_betasymmetric,9,0.5819938772686972
K40_alphaasymmetric_betasymmetric,10,0.594739785662181
K40_alphaasymmetric_betasymmetric,11,0.5174647512443421
K40_alphaasymmetric_betasymmetric,12,0.4768139240888778
K40_alphaasymmetric_betasymmetric,13,0.46628634981732675
K40_alphaasymmetric_betasymmetric,14,0.6535027428474799
K40_alphaasymmetric_betasymmetric,15,0.5002155603551531
K40_alphaasymmetric_betasymmetric,16,0.4521860591595212
K40_alphaasymmetric_betasymmetric,17,0.5235434293563379
K40_alphaasymmetric_betasymmetric,18,0.6397088239512532
K40_alphaasymmetric_betasymmetric,19,0.4390839994331337
K40_alphaasymmetric_betasymmetric,20,0.5602427613163897
K40_alphaasymmetric_betasymmetric,21,0.40485108925969165
K40_alphaasymmetric_betasymmetric,22,0.4939597951691345
K40_alphaasymmetric_betasymmetric,23,0.4536295480246145
K40_alphaasymmetric_betasymmetric,24,0.37003686353122933
K40_alphaasymmetric_betasymmetric,25,0.6089080176603713
K40_alphaasymmetric_betasymmetric,26,0.28596090919212197
K40_alphaasymmetric_betasymmetric,27,0.3653619989099883
K40_alphaasymmetric_betasymmetric,28,0.4801741221770867
K40_alphaasymmetric_betasymmetric,29,0.4108088869531337
K40_alphaasymmetric_betasymmetric,30,0.49407972468744843
K40_alphaasymmetric_betasymmetric,31,0.48298772460536854
K40_alphaasymmetric_betasymmetric,32,0.3823158666799655
K40_alphaasymmetric_betasymmetric,33,0.4049835567365648
K40_alphaasymmetric_betasymmetric,34,0.684071494271533
K40_alphaasymmetric_betasymmetric,35,0.44800621539872204
K40_alphaasymmetric_betasymmetric,36,0.46069884025698193
K40_alphaasymmetric_betasymmetric,37,0.43389128232905066
K40_alphaasymmetric_betasymmetric,38,0.39094882590362234
K40_alphaasymmetric_betasymmetric,39,0.5010116380021786
K40_alphaasymmetric_beta0.01,0,0.4606231755971292
K40_alphaasymmetric_beta0.01,1,0.4565418288243549
K40_alphaasymmetric_beta0.01,2,0.6027144159612768
K40_alphaasymmetric_beta0.01,3,0.49461850652350076
K40_alphaasymmetric_beta0.01,4,0.4255242643089606
K40_alphaasymmetric_beta0.01,5,0.5434843035787678
K40_alphaasymmetric_beta0.01,6,0.4733853265415037
K40_alphaasymmetric_beta0.01,7,0.6628406957558954
K40_alphaasymmetric_beta0.01,8,0.3258732852148813
K40_alphaasymmetric_beta0.01,9,0.5968620745860377
K40_alphaasymmetric_beta0.01,10,0.637390676738377
K40_alphaasymmetric_beta0.01,11,0.5028750990890272
K40_alphaasymmetric_beta0.01,12,0.37888962057654785
K40_alphaasymmetric_beta0.01,13,0.46628634981732675
K40_alphaasymmetric_beta0.01,14,0.6505924973243424
K40_alphaasymmetric_beta0.01,15,0.47779950192464415
K40_alphaasymmetric_beta0.01,16,0.46786472401785895
K40_alphaasymmetric_beta0.01,17,0.5240293540566563
K40_alphaasymmetric_beta0.01,18,0.6397088239512532
K40_alphaasymmetric_beta0.01,19,0.4176529258253364
K40_alphaasymmetric_beta0.01,20,0.5602427613163898
K40_alphaasymmetric_beta0.01,21,0.40485108925969165
K40_alphaasymmetric_beta0.01,22,0.4686331304560423
K40_alphaasymmetric_beta0.01,23,0.4512424608879229
K40_alphaasymmetric_beta0.01,24,0.37003686353122933
K40_alphaasymmetric_beta0.01,25,0.6481347494230969
K40_alphaasymmetric_beta0.01,26,0.28931330517651915
K40_alphaasymmetric_beta0.01,27,0.38433465681461587
K40_alphaasymmetric_beta0.01,28,0.4496468361932845
K40_alphaasymmetric_beta0.01,29,0.45199149600222227
K40_alphaasymmetric_beta0.01,30,0.49407972468744843
K40_alphaasymmetric_beta0.01,31,0.5003080927891835
K40_alphaasymmetric_beta0.01,32,0.549905335240516
K40_alphaasymmetric_beta0.01,33,0.41639161260866997
K40_alphaasymmetric_beta0.01,34,0.6669592232521602
K40_alphaasymmetric_beta0.01,35,0.4563600797888137
K40_alphaasymmetric_beta0.01,36,0.49314352273821155
K40_alphaasymmetric_beta0.01,37,0.44235486963884324
K40_alphaasymmetric_beta0.01,38,0.42276781231887767
K40_alphaasymmetric_beta0.01,39,0.5120237582974098
K40_alphaasymmetric_beta0.1,0,0.47091143115844264
K40_alphaasymmetric_beta0.1,1,0.5585243862619131
K40_alphaasymmetric_beta0.1,2,0.6107311803891616
K40_alphaasymmetric_beta0.1,3,0.5208545050848998
K40_alphaasymmetric_beta0.1,4,0.34118420296546115
K40_alphaasymmetric_beta0.1,5,0.5037116715675095
K40_alphaasymmetric_beta0.1,6,0.47069024815204824
K40_alphaasymmetric_beta0.1,7,0.6329750781392771
K40_alphaasymmetric_beta0.1,8,0.4074563642996566
K40_alphaasymmetric_beta0.1,9,0.5918009963932784
K40_alphaasymmetric_beta0.1,10,0.38263629676304267
K40_alphaasymmetric_beta0.1,11,0.45033808175496537
K40_alphaasymmetric_beta0.1,12,0.6208789348057611
K40_alphaasymmetric_beta0.1,13,0.46628634981732675
K40_alphaasymmetric_beta0.1,14,0.687549238445829
K40_alphaasymmetric_beta0.1,15,0.516184669156033
K40_alphaasymmetric_beta0.1,16,0.45866199618294223
K40_alphaasymmetric_beta0.1,17,0.49527359033620105
K40_alphaasymmetric_beta0.1,18,0.6418876957439446
K40_alphaasymmetric_beta0.1,19,0.477735352160957
K40_alphaasymmetric_beta0.1,20,0.533426771313196
K40_alphaasymmetric_beta0.1,21,0.4048510892596916
K40_alphaasymmetric_beta0.1,22,0.4000848707341949
K40_alphaasymmetric_beta0.1,23,0.41712994057356034
K40_alphaasymmetric_beta0.1,24,0.36967929344594974
K40_alphaasymmetric_beta0.1,25,0.26432452195524087
K40_alphaasymmetric_beta0.1,26,0.2784035766466441
K40_alphaasymmetric_beta0.1,27,0.3682092733069032
K40_alphaasymmetric_beta0.1,28,0.46671377888575183
K40_alphaasymmetric_beta0.1,29,0.4469674038898158
K40_alphaasymmetric_beta0.1,30,0.4853891734142904
K40_alphaasymmetric_beta0.1,31,0.4364144666867543
K40_alphaasymmetric_beta0.1,32,0.5571530406151954
K40_alphaasymmetric_beta0.1,33,0.41860811485089133
K40_alphaasymmetric_beta0.1,34,0.7854809691091023
K40_alphaasymmetric_beta0.1,35,0.5751828330091776
K40_alphaasymmetric_beta0.1,36,0.42691030220950693
K40_alphaasymmetric_beta0.1,37,0.3191493498962642
K40_alphaasymmetric_beta0.1,38,0.38368142730412397
K40_alphaasymmetric_beta0.1,39,0.38910188808858526
K40_alphaasymmetric_beta0.5,0,0.5358465034553012
K40_alphaasymmetric_beta0.5,1,0.6073023400971345
K40_alphaasymmetric_beta0.5,2,0.16710961555369028
K40_alphaasymmetric_beta0.5,3,0.5235652647651665
K40_alphaasymmetric_beta0.5,4,0.3644178989192668
K40_alphaasymmetric_beta0.5,5,0.11618383281451838
K40_alphaasymmetric_beta0.5,6,0.3150869486907326
K40_alphaasymmetric_beta0.5,7,0.5431815511674449
K40_alphaasymmetric_beta0.5,8,0.3921442429462155
K40_alphaasymmetric_beta0.5,9,0.7107197128696456
K40_alphaasymmetric_beta0.5,10,0.5606924213499849
K40_alphaasymmetric_beta0.5,11,0.4301782520636748
K40_alphaasymmetric_beta0.5,12,0.6727825815649602
K40_alphaasymmetric_beta0.5,13,0.608792296976552
K40_alphaasymmetric_beta0.5,14,0.2982295232069589
K40_alphaasymmetric_beta0.5,15,0.4230931945589651
K40_alphaasymmetric_beta0.5,16,0.29280540030803737
K40_alphaasymmetric_beta0.5,17,0.36913204168919883
K40_alphaasymmetric_beta0.5,18,0.6536354140523901
K40_alphaasymmetric_beta0.5,19,0.6541327474990051
K40_alphaasymmetric_beta0.5,20,0.4319933787549176
K40_alphaasymmetric_beta0.5,21,0.24631308219519896
K40_alphaasymmetric_beta0.5,22,0.5995513739728803
K40_alphaasymmetric_beta0.5,23,0.3812119366522362
K40_alphaasymmetric_beta0.5,24,0.37412240481340053
K40_alphaasymmetric_beta0.5,25,0.27758883557266845
K40_alphaasymmetric_beta0.5,26,0.20986786202874538
K40_alphaasymmetric_beta0.5,27,0.3730658346711141
K40_alphaasymmetric_beta0.5,28,0.17076922225282365
K40_alphaasymmetric_beta0.5,29,0.46482411852217576
K40_alphaasymmetric_beta0.5,30,0.5532676246317993
K40_alphaasymmetric_beta0.5,31,0.3926208331036489
K40_alphaasymmetric_beta0.5,32,0.5882869455304949
K40_alphaasymmetric_beta0.5,33,0.36984824684377793
K40_alphaasymmetric_beta0.5,34,0.841118884521606
K40_alphaasymmetric_beta0.5,35,0.46310644082647023
K40_alphaasymmetric_beta0.5,36,0.2571625815826917
K40_alphaasymmetric_beta0.5,37,0.722807212886967
K40_alphaasymmetric_beta0.5,38,0.3439537248771121
K40_alphaasymmetric_beta0.5,39,0.5406620217749913
K40_alpha0.01_betasymmetric,0,0.4885538673092612
K40_alpha0.01_betasymmetric,1,0.46209259051604007
K40_alpha0.01_betasymmetric,2,0.6242295349070529
K40_alpha0.01_betasymmetric,3,0.4770954114009337
K40_alpha0.01_betasymmetric,4,0.44275346597113907
K40_alpha0.01_betasymmetric,5,0.506161784492204
K40_alpha0.01_betasymmetric,6,0.5115844977910626
K40_alpha0.01_betasymmetric,7,0.6356111198198247
K40_alpha0.01_betasymmetric,8,0.31132786647901706
K40_alpha0.01_betasymmetric,9,0.5755350502664338
K40_alpha0.01_betasymmetric,10,0.5947397856621811
K40_alpha0.01_betasymmetric,11,0.5203860659487198
K40_alpha0.01_betasymmetric,12,0.4701780060757475
K40_alpha0.01_betasymmetric,13,0.46628634981732675
K40_alpha0.01_betasymmetric,14,0.6535027428474799
K40_alpha0.01_betasymmetric,15,0.5002155603551531
K40_alpha0.01_betasymmetric,16,0.4709273223033878
K40_alpha0.01_betasymmetric,17,0.5058846872799113
K40_alpha0.01_betasymmetric,18,0.6259175732833079
K40_alpha0.01_betasymmetric,19,0.41012790402117794
K40_alpha0.01_betasymmetric,20,0.5602427613163898
K40_alpha0.01_betasymmetric,21,0.4048510892596916
K40_alpha0.01_betasymmetric,22,0.42937208177071173
K40_alpha0.01_betasymmetric,23,0.4512424608879228
K40_alpha0.01_betasymmetric,24,0.37003686353122933
K40_alpha0.01_betasymmetric,25,0.6089080176603713
K40_alpha0.01_betasymmetric,26,0.27840357664664417
K40_alpha0.01_betasymmetric,27,0.3989670693786186
K40_alpha0.01_betasymmetric,28,0.4904279552663911
K40_alpha0.01_betasymmetric,29,0.4108088869531338
K40_alpha0.01_betasymmetric,30,0.48029165643623994
K40_alpha0.01_betasymmetric,31,0.48082279578685894
K40_alpha0.01_betasymmetric,32,0.48329833109677345
K40_alpha0.01_betasymmetric,33,0.43242797891436224
K40_alpha0.01_betasymmetric,34,0.6457975214669476
K40_alpha0.01_betasymmetric,35,0.47885101263490004
K40_alpha0.01_betasymmetric,36,0.48428232100808605
K40_alpha0.01_betasymmetric,37,0.3990115362293867
K40_alpha0.01_betasymmetric,38,0.3879477644106034
K40_alpha0.01_betasymmetric,39,0.5139074318328893
K40_alpha0.01_beta0.01,0,0.44626460984994176
K40_alpha0.01_beta0.01,1,0.4609092192392601
K40_alpha0.01_beta0.01,2,0.6072746774445711
K40_alpha0.01_beta0.01,3,0.5337894530925757
K40_alpha0.01_beta0.01,4,0.43688817743647473
K40_alpha0.01_beta0.01,5,0.506161784492204
K40_alpha0.01_beta0.01,6,0.5039907932903966
K40_alpha0.01_beta0.01,7,0.6623839041081537
K40_alpha0.01_beta0.01,8,0.3258732852148813
K40_alpha0.01_beta0.01,9,0.5563637383193034
K40_alpha0.01_beta0.01,10,0.6373906767383769
K40_alpha0.01_beta0.01,11,0.5028750990890271
K40_alpha0.01_beta0.01,12,0.4099827866660286
K40_alpha0.01_beta0.01,13,0.46628634981732675
K40_alpha0.01_beta0.01,14,0.6505924973243424
K40_alpha0.01_beta0.01,15,0.49956747326632883
K40_alpha0.01_beta0.01,16,0.4548647675652899
K40_alpha0.01_beta0.01,17,0.5077230004836848
K40_alpha0.01_beta0.01,18,0.6259175732833079
K40_alpha0.01_beta0.01,19,0.4176529258253365
K40_alpha0.01_beta0.01,20,0.5602427613163898
K40_alpha0.01_beta0.01,21,0.40485108925969165
K40_alpha0.01_beta0.01,22,0.4081843883151338
K40_alpha0.01_beta0.01,23,0.45124246088792275
K40_alpha0.01_beta0.01,24,0.37003686353122933
K40_alpha0.01_beta0.01,25,0.6481347494230969
K40_alpha0.01_beta0.01,26,0.28596090919212197
K40_alpha0.01_beta0.01,27,0.40520074323738475
K40_alpha0.01_beta0.01,28,0.48581344723463565
K40_alpha0.01_beta0.01,29,0.4669694872184723
K40_alpha0.01_beta0.01,30,0.5292249618672883
K40_alpha0.01_beta0.01,31,0.49349498818807536
K40_alpha0.01_beta0.01,32,0.5325359068535757
K40_alpha0.01_beta0.01,33,0.43242797891436213
K40_alpha0.01_beta0.01,34,0.6481027219063946
K40_alpha0.01_beta0.01,35,0.4745306546576164
K40_alpha0.01_beta0.01,36,0.49314352273821155
K40_alpha0.01_beta0.01,37,0.3936322568822596
K40_alpha0.01_beta0.01,38,0.4426563863741391
K40_alpha0.01_beta0.01,39,0.5158429054211757
K40_alpha0.01_beta0.1,0,0.5304793884839614
K40_alpha0.01_beta0.1,1,0.5652342729947338
K40_alpha0.01_beta0.1,2,0.6361885894832044
K40_alpha0.01_beta0.1,3,0.5098600752776079
K40_alpha0.01_beta0.1,4,0.3413092121545013
K40_alpha0.01_beta0.1,5,0.5037116715675096
K40_alpha0.01_beta0.1,6,0.4870401823811033
K40_alpha0.01_beta0.1,7,0.6061155227066299
K40_alpha0.01_beta0.1,8,0.4074563642996566
K40_alpha0.01_beta0.1,9,0.6019372288590088
K40_alpha0.01_beta0.1,10,0.38021761480729943
K40_alpha0.01_beta0.1,11,0.4939038306196105
K40_alpha0.01_beta0.1,12,0.620878934805761
K40_alpha0.01_beta0.1,13,0.45151575861666365
K40_alpha0.01_beta0.1,14,0.687549238445829
K40_alpha0.01_beta0.1,15,0.5471445542551546
K40_alpha0.01_beta0.1,16,0.47138153470381006
K40_alpha0.01_beta0.1,17,0.495273590336201
K40_alpha0.01_beta0.1,18,0.642094290300393
K40_alpha0.01_beta0.1,19,0.477735352160957
K40_alpha0.01_beta0.1,20,0.5254358613252144
K40_alpha0.01_beta0.1,21,0.42317131293714205
K40_alpha0.01_beta0.1,22,0.39341886235359813
K40_alpha0.01_beta0.1,23,0.41712994057356034
K40_alpha0.01_beta0.1,24,0.3696792934459497
K40_alpha0.01_beta0.1,25,0.26432452195524087
K40_alpha0.01_beta0.1,26,0.277316226913838
K40_alpha0.01_beta0.1,27,0.4217502481759604
K40_alpha0.01_beta0.1,28,0.46101057070610274
K40_alpha0.01_beta0.1,29,0.41755303091038315
K40_alpha0.01_beta0.1,30,0.4931952632835433
K40_alpha0.01_beta0.1,31,0.4364144666867542
K40_alpha0.01_beta0.1,32,0.5077555755335663
K40_alpha0.01_beta0.1,33,0.42599251162849533
K40_alpha0.01_beta0.1,34,0.7854809691091023
K40_alpha0.01_beta0.1,35,0.5743360560776372
K40_alpha0.01_beta0.1,36,0.43101870669920633
K40_alpha0.01_beta0.1,37,0.3735552859657191
K40_alpha0.01_beta0.1,38,0.43955373894361827
K40_alpha0.01_beta0.1,39,0.3856257097793595
K40_alpha0.01_beta0.5,0,0.5278361878023765
K40_alpha0.01_beta0.5,1,0.30515175675584116
K40_alpha0.01_beta0.5,2,0.21485445524696303
K40_alpha0.01_beta0.5,3,0.5189507898419754
K40_alpha0.01_beta0.5,4,0.4376913649647499
K40_alpha0.01_beta0.5,5,0.18163939406397625
K40_alpha0.01_beta0.5,6,0.25277449292107657
K40_alpha0.01_beta0.5,7,0.5653386029354995
K40_alpha0.01_beta0.5,8,0.39826768643772775
K40_alpha0.01_beta0.5,9,0.6893582365703324
K40_alpha0.01_beta0.5,10,0.5606924213499848
K40_alpha0.01_beta0.5,11,0.36187456568168647
K40_alpha0.01_beta0.5,12,0.7068595044195571
K40_alpha0.01_beta0.5,13,0.6044381484655694
K40_alpha0.01_beta0.5,14,0.2982295232069589
K40_alpha0.01_beta0.5,15,0.49086206846181674
K40_alpha0.01_beta0.5,16,0.33543409786726064
K40_alpha0.01_beta0.5,17,0.36913204168919894
K40_alpha0.01_beta0.5,18,0.6654572110942643
K40_alpha0.01_beta0.5,19,0.6541327474990052
K40_alpha0.01_beta0.5,20,0.43918217400208787
K40_alpha0.01_beta0.5,21,0.24631308219519896
K40_alpha0.01_beta0.5,22,0.5696323168059447
K40_alpha0.01_beta0.5,23,0.3738863707514614
K40_alpha0.01_beta0.5,24,0.40984720715366196
K40_alpha0.01_beta0.5,25,0.303335947582026
K40_alpha0.01_beta0.5,26,0.17341568106395983
K40_alpha0.01_beta0.5,27,0.3850636759083195
K40_alpha0.01_beta0.5,28,0.16446719429519294
K40_alpha0.01_beta0.5,29,0.4648241185221759
K40_alpha0.01_beta0.5,30,0.5303667653195867
K40_alpha0.01_beta0.5,31,0.3894787953707729
K40_alpha0.01_beta0.5,32,0.6294704084308627
K40_alpha0.01_beta0.5,33,0.36984824684377793
K40_alpha0.01_beta0.5,34,0.8160651016887666
K40_alpha0.01_beta0.5,35,0.43803332617417656
K40_alpha0.01_beta0.5,36,0.35428032650433344
K40_alpha0.01_beta0.5,37,0.7358001115312565
K40_alpha0.01_beta0.5,38,0.3339389238843776
K40_alpha0.01_beta0.5,39,0.547048036066241
K40_alpha0.1_betasymmetric,0,0.4585544595020026
K40_alpha0.1_betasymmetric,1,0.46209259051604007
K40_alpha0.1_betasymmetric,2,0.6027144159612768
K40_alpha0.1_betasymmetric,3,0.5023197155271165
K40_alpha0.1_betasymmetric,4,0.42422269821527303
K40_alpha0.1_betasymmetric,5,0.506161784492204
K40_alpha0.1_betasymmetric,6,0.4871006500352105
K40_alpha0.1_betasymmetric,7,0.6356111198198247
K40_alpha0.1_betasymmetric,8,0.30027591526854197
K40_alpha0.1_betasymmetric,9,0.6006845886449764
K40_alpha0.1_betasymmetric,10,0.594739785662181
K40_alpha0.1_betasymmetric,11,0.517464751244342
K40_alpha0.1_betasymmetric,12,0.4768139240888778
K40_alpha0.1_betasymmetric,13,0.46628634981732675
K40_alpha0.1_betasymmetric,14,0.6535027428474799
K40_alpha0.1_betasymmetric,15,0.47779950192464415
K40_alpha0.1_betasymmetric,16,0.4521860591595212
K40_alpha0.1_betasymmetric,17,0.5058846872799113
K40_alpha0.1_betasymmetric,18,0.6259175732833079
K40_alpha0.1_betasymmetric,19,0.4390839994331336
K40_alpha0.1_betasymmetric,20,0.5602427613163898
K40_alpha0.1_betasymmetric,21,0.4048510892596916
K40_alpha0.1_betasymmetric,22,0.42937208177071173
K40_alpha0.1_betasymmetric,23,0.4536295480246145
K40_alpha0.1_betasymmetric,24,0.37003686353122933
K40_alpha0.1_betasymmetric,25,0.6255328088038656
K40_alpha0.1_betasymmetric,26,0.28596090919212197
K40_alpha0.1_betasymmetric,27,0.3785162443468139
K40_alpha0.1_betasymmetric,28,0.48581344723463554
K40_alpha0.1_betasymmetric,29,0.4176292729975068
K40_alpha0.1_betasymmetric,30,0.494371600307697
K40_alpha0.1_betasymmetric,31,0.48298772460536854
K40_alpha0.1_betasymmetric,32,0.5648804384684276
K40_alpha0.1_betasymmetric,33,0.42116589835361584
K40_alpha0.1_betasymmetric,34,0.6457975214669476
K40_alpha0.1_betasymmetric,35,0.44800621539872204
K40_alpha0.1_betasymmetric,36,0.49495929622965307
K40_alpha0.1_betasymmetric,37,0.39901153622938657
K40_alpha0.1_betasymmetric,38,0.3879477644106034
K40_alpha0.1_betasymmetric,39,0.495354596277833
K40_alpha0.1_beta0.01,0,0.4585544595020026
K40_alpha0.1_beta0.01,1,0.4609092192392601
K40_alpha0.1_beta0.01,2,0.6027144159612768
K40_alpha0.1_beta0.01,3,0.5337894530925757
K40_alpha0.1_beta0.01,4,0.4487898534591331
K40_alpha0.1_beta0.01,5,0.506161784492204
K40_alpha0.1_beta0.01,6,0.4733853265415037
K40_alpha0.1_beta0.01,7,0.6623839041081536
K40_alpha0.1_beta0.01,8,0.32587328521488135
K40_alpha0.1_beta0.01,9,0.5541146284912085
K40_alpha0.1_beta0.01,10,0.637390676738377
K40_alpha0.1_beta0.01,11,0.5028750990890271
K40_alpha0.1_beta0.01,12,0.40137778200488744
K40_alpha0.1_beta0.01,13,0.46628634981732675
K40_alpha0.1_beta0.01,14,0.65350274284748
K40_alpha0.1_beta0.01,15,0.5076010822114391
K40_alpha0.1_beta0.01,16,0.46786472401785906
K40_alpha0.1_beta0.01,17,0.5238856306072275
K40_alpha0.1_beta0.01,18,0.6259175732833079
K40_alpha0.1_beta0.01,19,0.4176529258253365
K40_alpha0.1_beta0.01,20,0.5602427613163898
K40_alpha0.1_beta0.01,21,0.40485108925969165
K40_alpha0.1_beta0.01,22,0.4118298582198248
K40_alpha0.1_beta0.01,23,0.45290584765603503
K40_alpha0.1_beta0.01,24,0.37003686353122933
K40_alpha0.1_beta0.01,25,0.6481347494230969
K40_alpha0.1_beta0.01,26,0.28596090919212197
K40_alpha0.1_beta0.01,27,0.38496634169842514
K40_alpha0.1_beta0.01,28,0.4661025504785963
K40_alpha0.1_beta0.01,29,0.45291659403148615
K40_alpha0.1_beta0.01,30,0.49407972468744843
K40_alpha0.1_beta0.01,31,0.49349498818807536
K40_alpha0.1_beta0.01,32,0.5325359068535758
K40_alpha0.1_beta0.01,33,0.43242797891436213
K40_alpha0.1_beta0.01,34,0.6575361204543261
K40_alpha0.1_beta0.01,35,0.44800621539872204
K40_alpha0.1_beta0.01,36,0.49314352273821144
K40_alpha0.1_beta0.01,37,0.3936322568822596
K40_alpha0.1_beta0.01,38,0.42276781231887767
K40_alpha0.1_beta0.01,39,0.5158429054211757
K40_alpha0.1_beta0.1,0,0.5016991730477643
K40_alpha0.1_beta0.1,1,0.5585243862619134
K40_alpha0.1_beta0.1,2,0.6139621795292027
K40_alpha0.1_beta0.1,3,0.501330929217447
K40_alpha0.1_beta0.1,4,0.3311962016163028
K40_alpha0.1_beta0.1,5,0.5037116715675096
K40_alpha0.1_beta0.1,6,0.47069024815204824
K40_alpha0.1_beta0.1,7,0.6061155227066299
K40_alpha0.1_beta0.1,8,0.40031060249040606
K40_alpha0.1_beta0.1,9,0.5683179966207919
K40_alpha0.1_beta0.1,10,0.39215997762944804
K40_alpha0.1_beta0.1,11,0.49470219321831876
K40_alpha0.1_beta0.1,12,0.620878934805761
K40_alpha0.1_beta0.1,13,0.46628634981732675
K40_alpha0.1_beta0.1,14,0.687549238445829
K40_alpha0.1_beta0.1,15,0.516184669156033
K40_alpha0.1_beta0.1,16,0.45866199618294223
K40_alpha0.1_beta0.1,17,0.49527359033620105
K40_alpha0.1_beta0.1,18,0.6418876957439446
K40_alpha0.1_beta0.1,19,0.477735352160957
K40_alpha0.1_beta0.1,20,0.5254358613252144
K40_alpha0.1_beta0.1,21,0.4048510892596916
K40_alpha0.1_beta0.1,22,0.4000848707341949
K40_alpha0.1_beta0.1,23,0.4171299405735603
K40_alpha0.1_beta0.1,24,0.3696792934459497
K40_alpha0.1_beta0.1,25,0.30127403353567483
K40_alpha0.1_beta0.1,26,0.270370700515809
K40_alpha0.1_beta0.1,27,0.383111987423788
K40_alpha0.1_beta0.1,28,0.44458657749443475
K40_alpha0.1_beta0.1,29,0.42525912744207145
K40_alpha0.1_beta0.1,30,0.4784170637747661
K40_alpha0.1_beta0.1,31,0.4364144666867542
K40_alpha0.1_beta0.1,32,0.4396009232518746
K40_alpha0.1_beta0.1,33,0.42599251162849533
K40_alpha0.1_beta0.1,34,0.7854809691091023
K40_alpha0.1_beta0.1,35,0.5377304647503738
K40_alpha0.1_beta0.1,36,0.4310187066992063
K40_alpha0.1_beta0.1,37,0.3735552859657192
K40_alpha0.1_beta0.1,38,0.4026241236614173
K40_alpha0.1_beta0.1,39,0.3856257097793595
K40_alpha0.1_beta0.5,0,0.5197912018919648
K40_alpha0.1_beta0.5,1,0.30515175675584116
K40_alpha0.1_beta0.5,2,0.21485445524696303
K40_alpha0.1_beta0.5,3,0.5189507898419754
K40_alpha0.1_beta0.5,4,0.4376913649647499
K40_alpha0.1_beta0.5,5,0.18163939406397628
K40_alpha0.1_beta0.5,6,0.2191914105663891
K40_alpha0.1_beta0.5,7,0.5653386029354994
K40_alpha0.1_beta0.5,8,0.38735182304925364
K40_alpha0.1_beta0.5,9,0.6910666924156621
K40_alpha0.1_beta0.5,10,0.5606924213499848
K40_alpha0.1_beta0.5,11,0.3618745656816864
K40_alpha0.1_beta0.5,12,0.3374711794235535
K40_alpha0.1_beta0.5,13,0.5694263693035757
K40_alpha0.1_beta0.5,14,0.2982295232069589
K40_alpha0.1_beta0.5,15,0.48043459030848973
K40_alpha0.1_beta0.5,16,0.335698208656544
K40_alpha0.1_beta0.5,17,0.3691320416891989
K40_alpha0.1_beta0.5,18,0.642094290300393
K40_alpha0.1_beta0.5,19,0.6541327474990052
K40_alpha0.1_beta0.5,20,0.4311838006465898
K40_alpha0.1_beta0.5,21,0.24631308219519896
K40_alpha0.1_beta0.5,22,0.6040907871920536
K40_alpha0.1_beta0.5,23,0.38121193665223607
K40_alpha0.1_beta0.5,24,0.40338742669794997
K40_alpha0.1_beta0.5,25,0.31804195655307954
K40_alpha0.1_beta0.5,26,0.17341568106395983
K40_alpha0.1_beta0.5,27,0.39086321977679794
K40_alpha0.1_beta0.5,28,0.1644671942951929
K40_alpha0.1_beta0.5,29,0.46482411852217587
K40_alpha0.1_beta0.5,30,0.5303667653195867
K40_alpha0.1_beta0.5,31,0.38832275721443843
K40_alpha0.1_beta0.5,32,0.6294704084308627
K40_alpha0.1_beta0.5,33,0.38547991952559596
K40_alpha0.1_beta0.5,34,0.841118884521606
K40_alpha0.1_beta0.5,35,0.43803332617417656
K40_alpha0.1_beta0.5,36,0.27217631251726915
K40_alpha0.1_beta0.5,37,0.7358001115312566
K40_alpha0.1_beta0.5,38,0.3339389238843776
K40_alpha0.1_beta0.5,39,0.5406620217749913
K40_alpha0.5_betasymmetric,0,0.4585544595020026
K40_alpha0.5_betasymmetric,1,0.47479948914677716
K40_alpha0.5_betasymmetric,2,0.5640633221717768
K40_alpha0.5_betasymmetric,3,0.5343347472779328
K40_alpha0.5_betasymmetric,4,0.3804591744776288
K40_alpha0.5_betasymmetric,5,0.5056601129091504
K40_alpha0.5_betasymmetric,6,0.4902839244330755
K40_alpha0.5_betasymmetric,7,0.6625063942005271
K40_alpha0.5_betasymmetric,8,0.2532245176070539
K40_alpha0.5_betasymmetric,9,0.6306735479467762
K40_alpha0.5_betasymmetric,10,0.6122375451059486
K40_alpha0.5_betasymmetric,11,0.49470219321831876
K40_alpha0.5_betasymmetric,12,0.41378402549496485
K40_alpha0.5_betasymmetric,13,0.46628634981732675
K40_alpha0.5_betasymmetric,14,0.6187176529631393
K40_alpha0.5_betasymmetric,15,0.5002155603551531
K40_alpha0.5_betasymmetric,16,0.45979427479900403
K40_alpha0.5_betasymmetric,17,0.5211980876248418
K40_alpha0.5_betasymmetric,18,0.6397088239512532
K40_alpha0.5_betasymmetric,19,0.4474293751100261
K40_alpha0.5_betasymmetric,20,0.552065930335328
K40_alpha0.5_betasymmetric,21,0.39281130169069084
K40_alpha0.5_betasymmetric,22,0.4838255689432467
K40_alpha0.5_betasymmetric,23,0.4818399625349429
K40_alpha0.5_betasymmetric,24,0.37003686353122933
K40_alpha0.5_betasymmetric,25,0.5970493993642718
K40_alpha0.5_betasymmetric,26,0.2943643991335406
K40_alpha0.5_betasymmetric,27,0.4191830357292323
K40_alpha0.5_betasymmetric,28,0.47706466143784326
K40_alpha0.5_betasymmetric,29,0.4693894279263933
K40_alpha0.5_betasymmetric,30,0.5468115039466033
K40_alpha0.5_betasymmetric,31,0.47988297645497935
K40_alpha0.5_betasymmetric,32,0.549905335240516
K40_alpha0.5_betasymmetric,33,0.4254672383632855
K40_alpha0.5_betasymmetric,34,0.7854809691091023
K40_alpha0.5_betasymmetric,35,0.4290169704112009
K40_alpha0.5_betasymmetric,36,0.6300932837850235
K40_alpha0.5_betasymmetric,37,0.46996981941267435
K40_alpha0.5_betasymmetric,38,0.42170047450288506
K40_alpha0.5_betasymmetric,39,0.49652884914507184
K40_alpha0.5_beta0.01,0,0.4585544595020026
K40_alpha0.5_beta0.01,1,0.4726978962209632
K40_alpha0.5_beta0.01,2,0.5640633221717768
K40_alpha0.5_beta0.01,3,0.5343347472779328
K40_alpha0.5_beta0.01,4,0.3839224821922992
K40_alpha0.5_beta0.01,5,0.5358165217953135
K40_alpha0.5_beta0.01,6,0.4902839244330755
K40_alpha0.5_beta0.01,7,0.6680374340802164
K40_alpha0.5_beta0.01,8,0.2563543260974019
K40_alpha0.5_beta0.01,9,0.6306735479467762
K40_alpha0.5_beta0.01,10,0.5947397856621812
K40_alpha0.5_beta0.01,11,0.4384068369833699
K40_alpha0.5_beta0.01,12,0.30369988749158844
K40_alpha0.5_beta0.01,13,0.48286978803304936
K40_alpha0.5_beta0.01,14,0.6388350542849057
K40_alpha0.5_beta0.01,15,0.5002155603551534
K40_alpha0.5_beta0.01,16,0.47700737956681943
K40_alpha0.5_beta0.01,17,0.4796173349988984
K40_alpha0.5_beta0.01,18,0.6397088239512532
K40_alpha0.5_beta0.01,19,0.4474293751100261
K40_alpha0.5_beta0.01,20,0.5915635813417612
K40_alpha0.5_beta0.01,21,0.3928113016906908
K40_alpha0.5_beta0.01,22,0.48824460467402436
K40_alpha0.5_beta0.01,23,0.4716974364257525
K40_alpha0.5_beta0.01,24,0.37003686353122933
K40_alpha0.5_beta0.01,25,0.6058459092933911
K40_alpha0.5_beta0.01,26,0.2943643991335406
K40_alpha0.5_beta0.01,27,0.4191830357292323
K40_alpha0.5_beta0.01,28,0.4729844809600602
K40_alpha0.5_beta0.01,29,0.4739425109148322
K40_alpha0.5_beta0.01,30,0.5281891745904075
K40_alpha0.5_beta0.01,31,0.4944935191521888
K40_alpha0.5_beta0.01,32,0.5173266653494303
K40_alpha0.5_beta0.01,33,0.4254672383632855
K40_alpha0.5_beta0.01,34,0.7634794707780542
K40_alpha0.5_beta0.01,35,0.4393742828024633
K40_alpha0.5_beta0.01,36,0.6423062532093806
K40_alpha0.5_beta0.01,37,0.46512343711120974
K40_alpha0.5_beta0.01,38,0.44277591665531607
K40_alpha0.5_beta0.01,39,0.5272480729850801
K40_alpha0.5_beta0.1,0,0.46542662755723974
K40_alpha0.5_beta0.1,1,0.5832842413143722
K40_alpha0.5_beta0.1,2,0.601006447669059
K40_alpha0.5_beta0.1,3,0.5059030568879239
K40_alpha0.5_beta0.1,4,0.40890765368254306
K40_alpha0.5_beta0.1,5,0.3808088874735877
K40_alpha0.5_beta0.1,6,0.4809950898002245
K40_alpha0.5_beta0.1,7,0.6361902556384507
K40_alpha0.5_beta0.1,8,0.4274258117969919
K40_alpha0.5_beta0.1,9,0.6144489738857628
K40_alpha0.5_beta0.1,10,0.35331230258737834
K40_alpha0.5_beta0.1,11,0.45033808175496537
K40_alpha0.5_beta0.1,12,0.4067920462337991
K40_alpha0.5_beta0.1,13,0.45151575861666354
K40_alpha0.5_beta0.1,14,0.6642827415934648
K40_alpha0.5_beta0.1,15,0.516184669156033
K40_alpha0.5_beta0.1,16,0.46966425041460147
K40_alpha0.5_beta0.1,17,0.5294468720618093
K40_alpha0.5_beta0.1,18,0.6385483428792791
K40_alpha0.5_beta0.1,19,0.477735352160957
K40_alpha0.5_beta0.1,20,0.5390715461507679
K40_alpha0.5_beta0.1,21,0.4101502909573888
K40_alpha0.5_beta0.1,22,0.5197106585464599
K40_alpha0.5_beta0.1,23,0.4171299405735603
K40_alpha0.5_beta0.1,24,0.34942135585301254
K40_alpha0.5_beta0.1,25,0.33889325379376906
K40_alpha0.5_beta0.1,26,0.270370700515809
K40_alpha0.5_beta0.1,27,0.43456311052615615
K40_alpha0.5_beta0.1,28,0.43556383393939696
K40_alpha0.5_beta0.1,29,0.45656557879874615
K40_alpha0.5_beta0.1,30,0.557810566221379
K40_alpha0.5_beta0.1,31,0.4724427605374812
K40_alpha0.5_beta0.1,32,0.6025182939765596
K40_alpha0.5_beta0.1,33,0.43517820116650974
K40_alpha0.5_beta0.1,34,0.7854809691091023
K40_alpha0.5_beta0.1,35,0.5149289716188006
K40_alpha0.5_beta0.1,36,0.45737118235367086
K40_alpha0.5_beta0.1,37,0.468936213325373
K40_alpha0.5_beta0.1,38,0.4029698292993197
K40_alpha0.5_beta0.1,39,0.3640510383864247
K40_alpha0.5_beta0.5,0,0.5349115800753133
K40_alpha0.5_beta0.5,1,0.3327621915993964
K40_alpha0.5_beta0.5,2,0.3367643737398645
K40_alpha0.5_beta0.5,3,0.5202918437563204
K40_alpha0.5_beta0.5,4,0.44068648994756615
K40_alpha0.5_beta0.5,5,0.16184010343601746
K40_alpha0.5_beta0.5,6,0.24085416319945668
K40_alpha0.5_beta0.5,7,0.5569289967530576
K40_alpha0.5_beta0.5,8,0.5003206438831526
K40_alpha0.5_beta0.5,9,0.40878814709450095
K40_alpha0.5_beta0.5,10,0.5050446258724411
K40_alpha0.5_beta0.5,11,0.4242627077812002
K40_alpha0.5_beta0.5,12,0.5363615926131173
K40_alpha0.5_beta0.5,13,0.5448571399172166
K40_alpha0.5_beta0.5,14,0.2919957454204352
K40_alpha0.5_beta0.5,15,0.5264517083559543
K40_alpha0.5_beta0.5,16,0.3293709407924247
K40_alpha0.5_beta0.5,17,0.4042694536619325
K40_alpha0.5_beta0.5,18,0.642094290300393
K40_alpha0.5_beta0.5,19,0.6820344081444886
K40_alpha0.5_beta0.5,20,0.4106521378377262
K40_alpha0.5_beta0.5,21,0.23874164899552414
K40_alpha0.5_beta0.5,22,0.5303047565146779
K40_alpha0.5_beta0.5,23,0.3738863707514614
K40_alpha0.5_beta0.5,24,0.6470266972666527
K40_alpha0.5_beta0.5,25,0.3643315845462326
K40_alpha0.5_beta0.5,26,0.16372135766667895
K40_alpha0.5_beta0.5,27,0.40240490972302007
K40_alpha0.5_beta0.5,28,0.21614536706397464
K40_alpha0.5_beta0.5,29,0.42734414442357177
K40_alpha0.5_beta0.5,30,0.5860520578325519
K40_alpha0.5_beta0.5,31,0.3894787953707729
K40_alpha0.5_beta0.5,32,0.5375490864106307
K40_alpha0.5_beta0.5,33,0.4102325132504922
K40_alpha0.5_beta0.5,34,0.856879937854781
K40_alpha0.5_beta0.5,35,0.4653122759484235
K40_alpha0.5_beta0.5,36,0.2628190308168283
K40_alpha0.5_beta0.5,37,0.6510095581023277
K40_alpha0.5_beta0.5,38,0.3483443214029164
K40_alpha0.5_beta0.5,39,0.5450510092782406
